篇,序號,中文字,中文字部首,影片網址
9,1423,閶,169,https://www.youtube.com/watch?v=abTnZWgcg0g
9,1422,呂,30,https://www.youtube.com/watch?v=RhgMzo_SPMk
9,1421,歡,76,https://www.youtube.com/watch?v=K_gJPt80Blw
9,1420,府,53,https://www.youtube.com/watch?v=WKqzbBGyxeg
9,1419,制,18,https://www.youtube.com/watch?v=grqkgZWwzUQ
8,1418,慶,61,https://www.youtube.com/watch?v=_ND_oqWldf0
8,1417,鑒,167,https://www.youtube.com/watch?v=RO5-ydw8Wnk
8,1416,喧,30,https://www.youtube.com/watch?v=TuY-ICiUK5U
8,1415,啾,30,https://www.youtube.com/watch?v=crkWKZaZcPQ
8,1414,囁,30,https://www.youtube.com/watch?v=OU3zTtQ1DvI
8,1413,呫,30,https://www.youtube.com/watch?v=tb9Q1pVEwYg
8,1412,夸,37,https://www.youtube.com/watch?v=x95zyrm1Xgg
8,1411,溫,85,https://www.youtube.com/watch?v=fqyRdgyjS4M
8,1410,仲,9,https://www.youtube.com/watch?v=3rDrPxPnYZQ
8,1409,黜,203,https://www.youtube.com/watch?v=grUjP6JSkl8
8,1408,秀,115,https://www.youtube.com/watch?v=-6sRGfGK_6I
8,1407,克,10,https://www.youtube.com/watch?v=Mfs2buxxHDI
8,1406,保,9,https://www.youtube.com/watch?v=_yAjz52IC24
8,1405,襟,145,https://www.youtube.com/watch?v=LezcfQ_0F9s
8,1404,冠,14,https://www.youtube.com/watch?v=be7n0gUrstA
8,1403,肅,129,https://www.youtube.com/watch?v=ytL6_s7SfKU
8,1402,背,130,https://www.youtube.com/watch?v=3OfT7NHwLOo
8,1401,艮,138,https://www.youtube.com/watch?v=LBM876jSGlY
8,1400,任,9,https://www.youtube.com/watch?v=Q_fOXkoShgg
8,1399,必,61,https://www.youtube.com/watch?v=fpAG2HeuTsk
8,1397,逾,162,https://www.youtube.com/watch?v=U4FWkjpjOaQ
8,1395,嗜,30,https://www.youtube.com/watch?v=7IBGlHVDH1o
8,1394,劇,18,https://www.youtube.com/watch?v=OGPbMNFc5EM
8,1393,劬,19,https://www.youtube.com/watch?v=rp13tvhdMoM
8,1392,篲,118,https://www.youtube.com/watch?v=3vsZFqramOs
8,1391,擁,64,https://www.youtube.com/watch?v=5VXcq4qLxQA
8,1390,灑,85,https://www.youtube.com/watch?v=6GmSkY_KNmo
8,1389,捧,64,https://www.youtube.com/watch?v=RiOZ-vuI1M0
8,1396,惡,61,https://www.youtube.com/watch?v=VaRJhr9T_Ek
8,1388,暄,72,https://www.youtube.com/watch?v=jeU8zKw6ksY
8,1387,鷄,196,https://www.youtube.com/watch?v=kgMjOacbPsY
8,1386,遜,162,https://www.youtube.com/watch?v=1nh342KxoAs
8,1385,棘,75,https://www.youtube.com/watch?v=IlXbfmklXN4
8,1384,榛,75,https://www.youtube.com/watch?v=TEewe_6sdjI
8,1383,趍,156,https://www.youtube.com/watch?v=dHUog4IwfKo
8,1382,捷,64,https://www.youtube.com/watch?v=axPu-64fRbM
8,1381,超,156,https://www.youtube.com/watch?v=SeVucu_-eW8
8,1380,盼,109,https://www.youtube.com/watch?v=Kjxvw-ODIbs
8,1379,凌,15,https://www.youtube.com/watch?v=oU39geSS2lI
8,1378,接,64,https://www.youtube.com/watch?v=Opz5UXCca-M
8,1377,喻,30,https://www.youtube.com/watch?v=ZRbJo-QGlhk
8,1376,卑,24,https://www.youtube.com/watch?v=OcmjDq2R4yc
8,1375,論,149,https://www.youtube.com/watch?v=3fCpkN6oc9Q
8,1374,詎,149,https://www.youtube.com/watch?v=7oT1Q_763Nc
8,1373,偷,9,https://www.youtube.com/watch?v=OFQSjIPGoWE
8,1372,逆,162,https://www.youtube.com/watch?v=p-It6LZuvZU
8,1371,但,9,https://www.youtube.com/watch?v=FkhkDjzo5mw
8,1370,屣,44,https://www.youtube.com/watch?v=uI74lwq1IL0
8,1369,我,62,https://www.youtube.com/watch?v=zkwLSbB3Zm4
8,1368,翰,124,https://www.youtube.com/watch?v=LCoB8SomBoA
8,1367,羽,124,https://www.youtube.com/watch?v=yQj7vgQyVX4
8,1366,白,106,https://www.youtube.com/watch?v=lqXDkGbd92E
8,1365,圭,32,https://www.youtube.com/watch?v=2PZ4_PQCeD8
8,1364,刀,18,https://www.youtube.com/watch?v=9ybrhxi-Ny8
8,1363,養,184,https://www.youtube.com/watch?v=uEHPpEJ6mBg
8,1362,虎,141,https://www.youtube.com/watch?v=AUX9sIUd6n8
8,1361,蟠,142,https://www.youtube.com/watch?v=wSS6tG1GVqE
8,1360,鼎,206,https://www.youtube.com/watch?v=Qtq8ifM6jO0
8,1359,秘,115,https://www.youtube.com/watch?v=qiL9ouCfGYc
8,1358,盜,108,https://www.youtube.com/watch?v=5-B3GzUxh-M
8,1357,侶,9,https://www.youtube.com/watch?v=o-UMBxjMK4g
8,1356,飄,182,https://www.youtube.com/watch?v=xeQRPHQG4Gs
8,1355,原,27,https://www.youtube.com/watch?v=4EJ3hS7-ar0
8,1354,林,75,https://www.youtube.com/watch?v=o0-h7MKxLyY
8,1353,豈,151,https://www.youtube.com/watch?v=FkT2stGRYc4
8,1352,鑿,167,https://www.youtube.com/watch?v=fPWvS1g3fkU
8,1351,私,115,https://www.youtube.com/watch?v=podk5Er3fJ0
8,1350,逞,162,https://www.youtube.com/watch?v=XjxyeZyMeqY
8,1349,誠,149,https://www.youtube.com/watch?v=iP1P9dF5KTI
8,1348,根,75,https://www.youtube.com/watch?v=lzBHD0k05Gw
8,1347,固,31,https://www.youtube.com/watch?v=luV80YHLfq8
8,1346,貞,154,https://www.youtube.com/watch?v=kmVleNF-DDM
8,1345,品,30,https://www.youtube.com/watch?v=fmAuVVoAQHI
8,1344,播,64,https://www.youtube.com/watch?v=Mdet7iuGuzY
8,1343,亨,8,https://www.youtube.com/watch?v=pcTyqoGFb24
8,1342,境,32,https://www.youtube.com/watch?v=_JEunUR0t24
8,1341,炳,86,https://www.youtube.com/watch?v=Fgzrtwg5mOc
8,1340,煥,86,https://www.youtube.com/watch?v=O4qFNGfVZfY
8,1339,裘,145,https://www.youtube.com/watch?v=ltiioc7AbI4
8,1338,爾,89,https://www.youtube.com/watch?v=o83jOZbtNrk
8,1337,操,64,https://www.youtube.com/watch?v=97YTS7xE-Mg
8,1336,騁,187,https://www.youtube.com/watch?v=2S2AX0dGUrA
8,1335,辯,160,https://www.youtube.com/watch?v=zlX7OMT1T-c
8,1334,雄,172,https://www.youtube.com/watch?v=16Zm6_74_Qk
8,1333,孟,39,https://www.youtube.com/watch?v=pEIJdraFQvc
8,1332,鄒,163,https://www.youtube.com/watch?v=qzxfb94lkt8
8,1331,庸,53,https://www.youtube.com/watch?v=otv0Z8kQtDY
8,1330,勿,20,https://www.youtube.com/watch?v=raB1Q7xRyQw
8,1329,躬,158,https://www.youtube.com/watch?v=dA7Eb-fBNaI
8,1328,顏,181,https://www.youtube.com/watch?v=tdvo41ZFig8
8,1327,韻,180,https://www.youtube.com/watch?v=KQ3IqWGNmSs
8,1326,弦,57,https://www.youtube.com/watch?v=UmKBaOR0h4o
8,1325,匣,22,https://www.youtube.com/watch?v=7Dm8pqa_qOA
8,1324,琴,96,https://www.youtube.com/watch?v=j1ruamPRZu0
8,1323,瑤,96,https://www.youtube.com/watch?v=bwHEqAiAQnk
8,1322,多,36,https://www.youtube.com/watch?v=1QNgZA6edcs
8,1321,魚,195,https://www.youtube.com/watch?v=wM1i80Cr8CY
8,1320,矧,111,https://www.youtube.com/watch?v=jC_5t60LBqk
8,1319,樂,75,https://www.youtube.com/watch?v=I9y4TUuSrsI
8,1318,訛,149,https://www.youtube.com/watch?v=uXgIVzoaZ3E
8,1317,簡,118,https://www.youtube.com/watch?v=CcHj-t9ME5E
8,1316,敦,66,https://www.youtube.com/watch?v=5OtPW_v_nwA
8,1315,彌,57,https://www.youtube.com/watch?v=7jFzsjnwCTA
8,1314,守,40,https://www.youtube.com/watch?v=hZ-wRjmf65M
8,1313,勤,19,https://www.youtube.com/watch?v=P3DCnglG854
8,1312,門,169,https://www.youtube.com/watch?v=yTj1sGUUVPU
8,1311,頹,181,https://www.youtube.com/watch?v=wC8A9VIc7Gk
8,1310,儀,9,https://www.youtube.com/watch?v=rUYu3CG0J8o
8,1309,察,40,https://www.youtube.com/watch?v=TkgeK7nNDmY
8,1308,協,24,https://www.youtube.com/watch?v=7NjxzOsHAU8
8,1307,布,50,https://www.youtube.com/watch?v=-mX4Y2jMjLw
8,1306,坤,32,https://www.youtube.com/watch?v=bnabg-7FV6U
8,1305,闢,169,https://www.youtube.com/watch?v=HfzDDnD-B6c
8,1304,爰,87,https://www.youtube.com/watch?v=PygxRXIjx0w
8,1303,氏,83,https://www.youtube.com/watch?v=r5gyBgTV5O8
8,1302,庖,53,https://www.youtube.com/watch?v=ALMIKKtYpao
8,1301,軌,159,https://www.youtube.com/watch?v=z4mWedloqSc
8,1300,刪,18,https://www.youtube.com/watch?v=T1psEddE6b8
8,1299,烈,86,https://www.youtube.com/watch?v=cybNUVfTo9Q
8,1298,武,77,https://www.youtube.com/watch?v=4k7jmrheEBw
8,1297,猗,94,https://www.youtube.com/watch?v=f_ABff1gSe4
8,1296,哉,30,https://www.youtube.com/watch?v=VjCWS3FH5k4
8,1295,己,49,https://www.youtube.com/watch?v=fyICUi_d4TM
8,1294,恭,61,https://www.youtube.com/watch?v=EJY6V77VIXc
8,1293,欽,76,https://www.youtube.com/watch?v=yBDCo4gAecs
8,1292,勛,19,https://www.youtube.com/watch?v=goGMhgbV92s
8,1291,邊,162,https://www.youtube.com/watch?v=JXpEtskSxzY
8,1290,照,86,https://www.youtube.com/watch?v=YBQbMwkgpzQ
8,1289,煌,86,https://www.youtube.com/watch?v=djI1B3Zf6V0
8,1288,軸,159,https://www.youtube.com/watch?v=HX6DM-x1cK0
8,1287,北,21,https://www.youtube.com/watch?v=b8OAvmhoVyk
8,1286,柄,75,https://www.youtube.com/watch?v=itED_zHGZZA
8,1285,斗,68,https://www.youtube.com/watch?v=cqMcHLB1Tws
8,1284,斜,68,https://www.youtube.com/watch?v=lrWpY6tptM4
8,1283,河,85,https://www.youtube.com/watch?v=mgwWtes1TWo
8,1282,爛,86,https://www.youtube.com/watch?v=mcMzck6Cd0U
8,1281,嶺,46,https://www.youtube.com/watch?v=OTx43COwOgQ
8,1280,隊,170,https://www.youtube.com/watch?v=yB-sTjzHdz4
8,1279,牽,93,https://www.youtube.com/watch?v=n5oNme6g_sM
8,1278,柔,75,https://www.youtube.com/watch?v=EeBfZE2qw3o
8,1277,旅,70,https://www.youtube.com/watch?v=foL20eaACAA
8,1276,事,6,https://www.youtube.com/watch?v=P3q58zYqkLk
8,1275,掩,64,https://www.youtube.com/watch?v=doxLxlhrIXg
8,1274,綿,120,https://www.youtube.com/watch?v=qDxqC0nkyfM
8,1273,善,30,https://www.youtube.com/watch?v=6i_SHIZ5CLw
8,1272,昏,72,https://www.youtube.com/watch?v=IWg5fV5dwxk
8,1271,謹,149,https://www.youtube.com/watch?v=n79a_J5-PBk
8,1270,昧,72,https://www.youtube.com/watch?v=HS-LqoYB2dA
8,1269,泉,85,https://www.youtube.com/watch?v=TNlqt1rUdn4
8,1268,威,38,https://www.youtube.com/watch?v=Zvl7eLQptVc
8,1267,宇,40,https://www.youtube.com/watch?v=1RQPGmCKd58
8,1266,朱,75,https://www.youtube.com/watch?v=lmAQF_uRsJE
8,1265,蒙,140,https://www.youtube.com/watch?v=vt2ifOp72BU
8,1264,川,47,https://www.youtube.com/watch?v=BK6rcbZEOQY
8,1263,伊,9,https://www.youtube.com/watch?v=iDQLZNNCMM4
8,1262,太,37,https://www.youtube.com/watch?v=UzxuI_JTLjc
8,1261,范,140,https://www.youtube.com/watch?v=QhoJodIETGU
8,1260,侃,9,https://www.youtube.com/watch?v=FdIftf2mT5w
8,1259,例,9,https://www.youtube.com/watch?v=GCRrwoVnDcA
8,1258,亂,5,https://www.youtube.com/watch?v=Fd9YnIHLf0k
8,1257,歐,76,https://www.youtube.com/watch?v=ERoNqq-NnWo
8,1256,功,19,https://www.youtube.com/watch?v=2pGZVwbvxxg
8,1255,辦,160,https://www.youtube.com/watch?v=4id4-fWPGh8
8,1254,狄,94,https://www.youtube.com/watch?v=JNUWGguZdDM
8,1253,向,30,https://www.youtube.com/watch?v=nddTfiDbE5Y
8,1252,穹,116,https://www.youtube.com/watch?v=O9H2-WofMQM
8,1251,蒼,140,https://www.youtube.com/watch?v=5JaNKfvYURs
8,1250,燔,86,https://www.youtube.com/watch?v=h-XX92JngQQ
8,1249,焰,86,https://www.youtube.com/watch?v=6G-89AM6kNs
8,1248,虐,141,https://www.youtube.com/watch?v=ae3q5QLmqDQ
8,1247,宸,40,https://www.youtube.com/watch?v=smPRSQGTT_Y
8,1246,毒,80,https://www.youtube.com/watch?v=csRN4OAYcX0
8,1245,淫,85,https://www.youtube.com/watch?v=kMxPGI7Kp_I
8,1244,崇,46,https://www.youtube.com/watch?v=1K3aHSKuAYo
8,1243,樞,75,https://www.youtube.com/watch?v=DGbdJeII9Tw
8,1242,墬,32,https://www.youtube.com/watch?v=i6bwUNhYSbY
8,1241,乾,5,https://www.youtube.com/watch?v=YoguzZEYrWU
8,1240,禍,113,https://www.youtube.com/watch?v=HGPSTK101wM
8,1239,司,30,https://www.youtube.com/watch?v=a9UM7L7EY40
8,1238,晨,72,https://www.youtube.com/watch?v=qzZKM9COQAQ
8,1237,牝,93,https://www.youtube.com/watch?v=R8Q2GHO8WAA
8,1236,倫,9,https://www.youtube.com/watch?v=p1_IdhzDJtU
8,1235,瀆,85,https://www.youtube.com/watch?v=s4dwOF3skEY
8,1234,聚,128,https://www.youtube.com/watch?v=Cjxk7HpapL8
8,1233,宜,40,https://www.youtube.com/watch?v=hHVdnxv0aug
8,1232,統,120,https://www.youtube.com/watch?v=jMjJpmqdvTw
8,1231,巢,47,https://www.youtube.com/watch?v=knhySL0yCZg
8,1230,紹,120,https://www.youtube.com/watch?v=6KBMH0panPo
8,1229,祚,113,https://www.youtube.com/watch?v=Xq05Rezughw
8,1228,唐,30,https://www.youtube.com/watch?v=BnhvX91JIr8
8,1227,載,159,https://www.youtube.com/watch?v=3NH_ukPs8xI
8,1226,連,162,https://www.youtube.com/watch?v=xfxc7jV2VBg
8,1225,魯,195,https://www.youtube.com/watch?v=dlO_z75VV5c
8,1224,張,57,https://www.youtube.com/watch?v=YDpuFhS3BS8
8,1223,更,73,https://www.youtube.com/watch?v=nLaULvztlLY
8,1222,合,30,https://www.youtube.com/watch?v=LHG3GkLhzic
8,1221,賢,154,https://www.youtube.com/watch?v=0sD5JMB3QIE
8,1220,魏,194,https://www.youtube.com/watch?v=VfFK1mOEEw0
8,1219,帝,50,https://www.youtube.com/watch?v=eHz8NhUg79E
8,1218,史,30,https://www.youtube.com/watch?v=OwerebYnG54
8,1217,晉,72,https://www.youtube.com/watch?v=W3AJ2nxQytg
8,1216,昌,72,https://www.youtube.com/watch?v=Mw24pkdVPhw
8,1215,偏,9,https://www.youtube.com/watch?v=y2pfIF5Nc_o
8,1214,回,31,https://www.youtube.com/watch?v=ehz2fKqnNqA
8,1213,波,85,https://www.youtube.com/watch?v=1MKhIENY_GM
8,1212,配,164,https://www.youtube.com/watch?v=oUrd2kv_G4M
8,1211,祀,113,https://www.youtube.com/watch?v=myP2O_rwTJk
8,1210,翔,124,https://www.youtube.com/watch?v=M1xEiGcVzeU
8,1209,雛,172,https://www.youtube.com/watch?v=cCEcCL92m8c
8,1208,鳳,196,https://www.youtube.com/watch?v=ez_acL1Xprs
8,1207,躍,157,https://www.youtube.com/watch?v=ZVBry-z0Xrs
8,1206,伏,9,https://www.youtube.com/watch?v=miEQVwgsZ1Q
8,1205,疆,102,https://www.youtube.com/watch?v=FlefpiJ3gNI
8,1204,鉞,167,https://www.youtube.com/watch?v=aCqiTpul1E4
8,1203,仗,9,https://www.youtube.com/watch?v=XfMmx6cIIVY
8,1202,軍,159,https://www.youtube.com/watch?v=aBGlrvpt_Og
8,1201,左,48,https://www.youtube.com/watch?v=Kh1lmd189Mk
8,1200,桓,75,https://www.youtube.com/watch?v=S7U6jz84znY
8,1199,炎,86,https://www.youtube.com/watch?v=LMz_0HvJk9c
8,1198,悖,61,https://www.youtube.com/watch?v=h8uQgV313k0
8,1197,凶,17,https://www.youtube.com/watch?v=ESAZYtyVMts
8,1196,轉,159,https://www.youtube.com/watch?v=SIgHKywXbZY
8,1195,塗,32,https://www.youtube.com/watch?v=hciRo--j3MA
8,1194,梁,75,https://www.youtube.com/watch?v=tooPpUEU4B0
8,1193,陸,170,https://www.youtube.com/watch?v=_sagxV8FO90
8,1192,千,24,https://www.youtube.com/watch?v=22Jvr2qUtJs
8,1191,族,70,https://www.youtube.com/watch?v=3yEnEufd6ME
8,1190,五,7,https://www.youtube.com/watch?v=nz1CKAWknXU
8,1189,姦,38,https://www.youtube.com/watch?v=p_uxi_pqjDE
8,1188,植,75,https://www.youtube.com/watch?v=jsuOFnkba2o
8,1187,園,31,https://www.youtube.com/watch?v=4row7NXC9HU
8,1186,西,146,https://www.youtube.com/watch?v=NjWSogpzAx8
8,1185,弄,55,https://www.youtube.com/watch?v=Ugvsx6Ddxf0
8,1184,臣,131,https://www.youtube.com/watch?v=aHSbB3Z2Fvw
8,1183,刑,18,https://www.youtube.com/watch?v=K2M-lAJpvlk
8,1182,東,75,https://www.youtube.com/watch?v=ffld7Okjl9E
8,1181,幾,52,https://www.youtube.com/watch?v=tEauQaaNYLs
8,1180,先,10,https://www.youtube.com/watch?v=OJOukaMF5BI
8,1179,迷,162,https://www.youtube.com/watch?v=w-AGzA31stA
8,1178,忠,61,https://www.youtube.com/watch?v=bFhK2yD5lUg
8,1177,拳,64,https://www.youtube.com/watch?v=NMtW3ZTj2Hc
8,1176,業,75,https://www.youtube.com/watch?v=4Baw52TJll0
8,1175,嗟,30,https://www.youtube.com/watch?v=uSlqOxCOKeQ
8,1174,何,9,https://www.youtube.com/watch?v=2SC7Hwhop4Q
8,1173,喪,30,https://www.youtube.com/watch?v=1kthGj2_0VA
8,1172,章,180,https://www.youtube.com/watch?v=Ut7X5D61aoU
8,1171,珪,96,https://www.youtube.com/watch?v=n6QooISCtfs
8,1170,壽,33,https://www.youtube.com/watch?v=vh0h8MRVlH4
8,1169,荷,140,https://www.youtube.com/watch?v=LAzvyYrE8bc
8,1168,侯,9,https://www.youtube.com/watch?v=Q78I3C0SuGs
8,1167,偕,9,https://www.youtube.com/watch?v=eqR3tjS3Zdw
8,1166,百,106,https://www.youtube.com/watch?v=s_CcCvexppw
8,1165,漂,85,https://www.youtube.com/watch?v=2h3LbnqnL6A
8,1164,漣,85,https://www.youtube.com/watch?v=gzWPXEAsI94
8,1163,袂,145,https://www.youtube.com/watch?v=4Mr-iytuoz4
8,1162,踣,157,https://www.youtube.com/watch?v=hSlBL0303zU
8,1161,麟,198,https://www.youtube.com/watch?v=mGEtuK47juc
8,1160,祥,113,https://www.youtube.com/watch?v=aCRklNQL7fk
8,1159,茲,140,https://www.youtube.com/watch?v=1ld4OLMyz1k
8,1158,傷,9,https://www.youtube.com/watch?v=UfOveunBEBw
8,1157,秋,115,https://www.youtube.com/watch?v=gXRlpjYZhtk
8,1156,黍,202,https://www.youtube.com/watch?v=WiEr3aZtCDw
8,1155,王,96,https://www.youtube.com/watch?v=Ou8T0KHV0I8
8,1154,況,85,https://www.youtube.com/watch?v=2JbgfszSZVc
8,1153,夷,37,https://www.youtube.com/watch?v=54M0krZq9-A
8,1152,陵,170,https://www.youtube.com/watch?v=BECyR-azHcg
8,1151,已,49,https://www.youtube.com/watch?v=0g3V3ie4_U4
8,1150,綱,120,https://www.youtube.com/watch?v=aM0kzL54NJU
8,1149,周,30,https://www.youtube.com/watch?v=HddusWDi7fE
8,1148,楚,75,https://www.youtube.com/watch?v=LTPWTWchVz4
8,1147,膠,130,https://www.youtube.com/watch?v=bsgCfTkO7ts
8,1146,舟,137,https://www.youtube.com/watch?v=3Yj4sVJ5bAE
8,1145,涇,85,https://www.youtube.com/watch?v=sMXGsmFmGTw
8,1144,宸,40,https://www.youtube.com/watch?v=fY70vKwXMQ8
8,1143,御,60,https://www.youtube.com/watch?v=3Qaglhxu34g
8,1142,方,70,https://www.youtube.com/watch?v=-YVZjM0sR44
8,1141,徐,60,https://www.youtube.com/watch?v=erO4FzXFK4c
8,1140,招,64,https://www.youtube.com/watch?v=yl0bLi6h4pA
8,1139,祈,113,https://www.youtube.com/watch?v=0XAoxQiX33g
8,1138,迹,162,https://www.youtube.com/watch?v=mWiO84KK5wk
8,1137,轍,159,https://www.youtube.com/watch?v=2yJ7BLt2aqU
8,1136,看,109,https://www.youtube.com/watch?v=zlbN5DzB6mA
8,1135,君,30,https://www.youtube.com/watch?v=OiYraLmJ6CI
8,1134,靡,175,https://www.youtube.com/watch?v=DPLQoVWGleg
8,1133,騖,187,https://www.youtube.com/watch?v=23kdiFfmR8k
8,1132,馳,187,https://www.youtube.com/watch?v=gyfPxVC0WtU
8,1131,悟,61,https://www.youtube.com/watch?v=PX1Xj-SGFhw
8,1130,崩,46,https://www.youtube.com/watch?v=2s96D_BkYT0
8,1129,國,31,https://www.youtube.com/watch?v=g-YP62uLgeM
8,1128,傾,9,https://www.youtube.com/watch?v=dHW-OzSW-8Y
8,1127,姿,38,https://www.youtube.com/watch?v=geLYuIsHM3E
8,1126,妍,38,https://www.youtube.com/watch?v=HiCZekFm5D4
8,1125,頤,181,https://www.youtube.com/watch?v=ZXxc_ED9sg8
8,1124,朵,75,https://www.youtube.com/watch?v=lQO6lAM4WEs
8,1123,味,30,https://www.youtube.com/watch?v=7y8pmYoJb64
8,1122,役,60,https://www.youtube.com/watch?v=i-3N1udds5Q
8,1121,受,29,https://www.youtube.com/watch?v=0GUwy64RHtU
8,1120,蕪,140,https://www.youtube.com/watch?v=YGwx92AFS2A
8,1119,胡,130,https://www.youtube.com/watch?v=W2n50jjAFVc
8,1118,臺,133,https://www.youtube.com/watch?v=3Q8dn21ClkY
8,1117,息,61,https://www.youtube.com/watch?v=yKsFr5l14Y0
8,1116,歎,76,https://www.youtube.com/watch?v=PmkpUuzBnd4
8,1115,落,140,https://www.youtube.com/watch?v=zCw4DlNNJIc
8,1114,編,120,https://www.youtube.com/watch?v=hXX10iKFz-I
8,1113,玄,95,https://www.youtube.com/watch?v=li-B1lCNOl4
8,1112,垓,32,https://www.youtube.com/watch?v=Az0hclSRc3c
8,1111,九,5,https://www.youtube.com/watch?v=0nCabCwAxi4
8,1110,燭,86,https://www.youtube.com/watch?v=-ZFDgIZ-vl8
8,1109,暉,72,https://www.youtube.com/watch?v=p0GLsc5AT6Y
8,1108,含,30,https://www.youtube.com/watch?v=48qBVGdjr6k
8,1107,韞,178,https://www.youtube.com/watch?v=IBSAHVlI-mc
8,1106,玉,96,https://www.youtube.com/watch?v=j7kArg_mZo4
8,1105,媚,38,https://www.youtube.com/watch?v=RD-XQPqIjy4
8,1104,藏,140,https://www.youtube.com/watch?v=T-dws9uVNmo
8,1103,違,162,https://www.youtube.com/watch?v=El9wIigXpnQ
8,1102,動,19,https://www.youtube.com/watch?v=biQitOMj3lY
8,1101,元,10,https://www.youtube.com/watch?v=2Gid-1quXAg
8,1100,秉,115,https://www.youtube.com/watch?v=dl8eylP0MD0
8,1099,飛,183,https://www.youtube.com/watch?v=nL7xFawt3OE
8,1098,天,37,https://www.youtube.com/watch?v=_ThbipJRVjw
8,1097,淵,85,https://www.youtube.com/watch?v=RMjiLDAgjrE
8,1096,火,86,https://www.youtube.com/watch?v=Y5RHfUyNdbQ
8,1095,焦,86,https://www.youtube.com/watch?v=i2tUQvqWrSI
8,1094,凝,15,https://www.youtube.com/watch?v=IhgBIP9Go4c
8,1093,入,11,https://www.youtube.com/watch?v=MNGev2Oxey0
8,1092,測,85,https://www.youtube.com/watch?v=o2aTicDEkj0
8,1091,聾,128,https://www.youtube.com/watch?v=lAU5d9bzRfE
8,1090,盲,109,https://www.youtube.com/watch?v=ofPMxF8bZ28
8,1089,幻,52,https://www.youtube.com/watch?v=c85RyDbnQwA
8,1088,死,78,https://www.youtube.com/watch?v=y_aAvUY_LZM
8,1087,沌,85,https://www.youtube.com/watch?v=uQeldHmp2U0
8,1086,混,85,https://www.youtube.com/watch?v=PIpWM8aa4Uk
8,1085,存,39,https://www.youtube.com/watch?v=LYIbUdXTvPI
8,1084,諒,149,https://www.youtube.com/watch?v=V4Ym5s-5A6A
8,1083,際,170,https://www.youtube.com/watch?v=gLGjWrEudwA
8,1082,始,38,https://www.youtube.com/watch?v=huuERGNDcoM
8,1081,升,24,https://www.youtube.com/watch?v=dALVAJ1d6ic
8,1080,掌,64,https://www.youtube.com/watch?v=QaLbUZYzT7g
8,1079,指,64,https://www.youtube.com/watch?v=G_24oRhNuVM
8,1078,極,75,https://www.youtube.com/watch?v=-mNvS3TGwAA
8,1077,重,166,https://www.youtube.com/watch?v=q3T6jjk4Y3Q
8,1076,珍,96,https://www.youtube.com/watch?v=xIWw5DTnHEI
8,1075,罔,122,https://www.youtube.com/watch?v=fIMo5pOVsuc
8,1074,晰,72,https://www.youtube.com/watch?v=7TKvVpNYG2k
8,1073,昭,72,https://www.youtube.com/watch?v=TswUor9yH5A
8,1072,渾,85,https://www.youtube.com/watch?v=ngn3HNoGabI
8,1071,朗,74,https://www.youtube.com/watch?v=4LlkBc4U9f4
8,1070,宣,40,https://www.youtube.com/watch?v=VCfsYdYH8qI
8,1069,圖,31,https://www.youtube.com/watch?v=2bkIYCy_Uwc
8,1068,馬,187,https://www.youtube.com/watch?v=aWDeTcwmkVk
8,1067,窺,116,https://www.youtube.com/watch?v=ROkBIRV_cRw
8,1066,待,60,https://www.youtube.com/watch?v=2Ds9RKzy6Xo
8,1065,日,72,https://www.youtube.com/watch?v=BGXUuLocRvA
8,1064,聖,128,https://www.youtube.com/watch?v=VgS4fMh9HrE
8,1063,皇,106,https://www.youtube.com/watch?v=Li1fg-gkjmQ
8,1062,羲,123,https://www.youtube.com/watch?v=iNr6Tmb_6uM
8,1061,互,7,https://www.youtube.com/watch?v=_qZcAkmpA_4
8,1060,暑,72,https://www.youtube.com/watch?v=dpgRquhjgls
8,1059,停,9,https://www.youtube.com/watch?v=q8BBukYC0m8
8,1058,陽,170,https://www.youtube.com/watch?v=k7GxaETcOmk
8,1057,廣,53,https://www.youtube.com/watch?v=plJK4sjrpdQ
8,1056,旁,70,https://www.youtube.com/watch?v=gSeoZsG2Jlw
8,1055,大,37,https://www.youtube.com/watch?v=locVucTOx_Y
8,1054,昆,72,https://www.youtube.com/watch?v=jyX5JViHWyY
8,1053,云,7,https://www.youtube.com/watch?v=wyke89AqF_I
8,1052,貽,154,https://www.youtube.com/watch?v=mVvIfacm-AQ
8,1051,且,1,https://www.youtube.com/watch?v=CUtdePNNA5o
8,1050,追,162,https://www.youtube.com/watch?v=x5PtTuWWJpk
8,1049,眇,109,https://www.youtube.com/watch?v=9Z53mXJNFmg
8,1048,探,64,https://www.youtube.com/watch?v=7HQi7lU3y8A
8,1047,廿,55,https://www.youtube.com/watch?v=1skVN6yqs9o
8,1046,偶,9,https://www.youtube.com/watch?v=iaz_Ldqho3o
8,1045,齋,210,https://www.youtube.com/watch?v=Qd6R7S0OLdw
8,1044,高,189,https://www.youtube.com/watch?v=jQ9YgU9tlNg
8,1043,閒,169,https://www.youtube.com/watch?v=Gwg0F9sRRfQ
8,1042,理,96,https://www.youtube.com/watch?v=zdmC1IxBzwQ
8,1041,恨,61,https://www.youtube.com/watch?v=W5VPp5uvvZ8
8,1040,亦,8,https://www.youtube.com/watch?v=T2RM7j7nv9s
8,1039,就,43,https://www.youtube.com/watch?v=ui3FwqvqsQk
8,1038,能,130,https://www.youtube.com/watch?v=ExGCOqxm5DY
8,1037,弱,57,https://www.youtube.com/watch?v=_oJfKqreIa0
8,1036,萎,140,https://www.youtube.com/watch?v=Q2UKz72RNmo
8,1035,力,19,https://www.youtube.com/watch?v=eZjy29MIO2c
8,1034,致,133,https://www.youtube.com/watch?v=e5Wtlj8OW5E
8,1033,篇,118,https://www.youtube.com/watch?v=RmC2gGqE_LI
8,1032,効,19,https://www.youtube.com/watch?v=A_miLxL1ons
8,1031,欲,76,https://www.youtube.com/watch?v=oRRKuhKCet4
8,1030,寶,40,https://www.youtube.com/watch?v=xEbbklPuZDk
8,1029,實,40,https://www.youtube.com/watch?v=N_rq2C4cd3Y
8,1028,用,101,https://www.youtube.com/watch?v=TWVjlm-3hqY
8,1027,乏,4,https://www.youtube.com/watch?v=Aa1fROqRfF4
8,1026,近,162,https://www.youtube.com/watch?v=HK73s5uHk-Y
8,1025,雖,172,https://www.youtube.com/watch?v=lgsuiDq7774
8,1024,碧,112,https://www.youtube.com/watch?v=ah0Q1cQohTI
8,1023,膏,130,https://www.youtube.com/watch?v=DKzlzJDzZps
8,1022,金,167,https://www.youtube.com/watch?v=KBfyaAYYQow
8,1021,青,174,https://www.youtube.com/watch?v=NRi5FYUiGCA
8,1020,砂,112,https://www.youtube.com/watch?v=LbbZ4QlgMGg
8,1019,丹,3,https://www.youtube.com/watch?v=cvmc69ZhF2Y
8,1018,當,102,https://www.youtube.com/watch?v=yGyAE67b-EY
8,1017,非,175,https://www.youtube.com/watch?v=IC8JxiTEUYM
8,1016,宕,40,https://www.youtube.com/watch?v=Ii7e-VvwTSU
8,1015,豪,152,https://www.youtube.com/watch?v=OOOaDkRe_YM
8,1014,節,118,https://www.youtube.com/watch?v=inEDOmSCzS8
8,1013,音,180,https://www.youtube.com/watch?v=wRwIX0Yfecs
8,1012,邃,162,https://www.youtube.com/watch?v=b482Bp3f-Dc
8,1011,幽,52,https://www.youtube.com/watch?v=e5hanY-rzxM
8,1010,詞,149,https://www.youtube.com/watch?v=I-15SEQ7VfU
8,1009,愛,61,https://www.youtube.com/watch?v=G2e5ONJBlF8
8,1008,遇,162,https://www.youtube.com/watch?v=1Aw2f2ioJ4A
8,1007,昂,72,https://www.youtube.com/watch?v=M0P_O6BGDTk
8,1006,子,39,https://www.youtube.com/watch?v=aeoVIC-okO4
8,1005,陳,170,https://www.youtube.com/watch?v=iHpYLxiKE28
8,1004,讀,149,https://www.youtube.com/watch?v=54tcQaqKDZo
8,1003,余,9,https://www.youtube.com/watch?v=8M3TJaddN6o
8,1002,并,51,https://www.youtube.com/watch?v=0Bg33hkoOKk
8,1001,詩,149,https://www.youtube.com/watch?v=fXlBbQkTXII
7,1000,玩,96,https://www.youtube.com/watch?v=jtG7sKPoGmc
7,0999,成,62,https://www.youtube.com/watch?v=PMCwnSeUc5Q
7,0998,永,85,https://www.youtube.com/watch?v=TQLBu7bQ_Ww
7,0997,逍,162,https://www.youtube.com/watch?v=2ZHdxj9IyaM
7,0996,羊,123,https://www.youtube.com/watch?v=dq03d19OiZI
7,0995,彷,60,https://www.youtube.com/watch?v=MuCoenHZ2n4
7,0994,聊,128,https://www.youtube.com/watch?v=h8K8vmB_M10
7,0993,零,173,https://www.youtube.com/watch?v=WSEy8FV_464
7,0992,草,140,https://www.youtube.com/watch?v=8oCPPrezbRo
7,0991,悼,61,https://www.youtube.com/watch?v=1AL9zwfin1k
7,0990,淪,85,https://www.youtube.com/watch?v=sqL3Wc1JxdU
7,0989,降,170,https://www.youtube.com/watch?v=uCM8zmAI_ak
7,0988,征,60,https://www.youtube.com/watch?v=YQWK0xbsb8k
7,0987,靈,173,https://www.youtube.com/watch?v=6KbNbLRHZlk
7,0986,耀,124,https://www.youtube.com/watch?v=Ak8lAwMRkLU
7,0985,序,53,https://www.youtube.com/watch?v=TXPVjacwZGQ
7,0984,代,9,https://www.youtube.com/watch?v=ESZuYcE_GYA
7,0983,懼,61,https://www.youtube.com/watch?v=Wm32mx9uYHM
7,0982,患,61,https://www.youtube.com/watch?v=oyw74AqRc7s
7,0981,免,10,https://www.youtube.com/watch?v=gTu1WXzOORE
7,0980,都,163,https://www.youtube.com/watch?v=Fa2kfxtaT30
7,0979,淑,85,https://www.youtube.com/watch?v=yLMHSQmpYHU
7,0978,埃,32,https://www.youtube.com/watch?v=fm5K9DNIAxA
7,0977,皎,106,https://www.youtube.com/watch?v=C9Fzu8sgpDQ
7,0976,怪,61,https://www.youtube.com/watch?v=lxW4ZE3QfJk
7,0975,鬼,194,https://www.youtube.com/watch?v=VgdoX3cu5jI
7,0974,曾,73,https://www.youtube.com/watch?v=yEfWxrv8RX8
7,0973,變,149,https://www.youtube.com/watch?v=gKdFkasHCyM
7,0972,羣,123,https://www.youtube.com/watch?v=bRSMhoL_1cg
7,0971,浸,85,https://www.youtube.com/watch?v=alamv8_d6Xg
7,0970,穆,115,https://www.youtube.com/watch?v=899D_c96hKY
7,0969,韓,178,https://www.youtube.com/watch?v=_njAQPBNH-k
7,0968,羨,123,https://www.youtube.com/watch?v=pEuCqFSv6Wg
7,0967,星,72,https://www.youtube.com/watch?v=k1UJrMFLrhU
7,0966,辰,161,https://www.youtube.com/watch?v=Hz-37GLG6zk
7,0965,託,149,https://www.youtube.com/watch?v=qfPnsfx-V7o
7,0964,傅,9,https://www.youtube.com/watch?v=HIHCuz41HkQ
7,0963,奇,37,https://www.youtube.com/watch?v=fG8EK-dyKcY
7,0962,名,30,https://www.youtube.com/watch?v=vDGpBQJw7ZE
7,0961,仙,9,https://www.youtube.com/watch?v=ba5XOUMiAww
7,0960,貴,154,https://www.youtube.com/watch?v=qKj0DA2IxVo
7,0959,澹,85,https://www.youtube.com/watch?v=W4yOQ_YLagY
7,0958,愉,61,https://www.youtube.com/watch?v=PDlMsGKMYf4
7,0957,恬,61,https://www.youtube.com/watch?v=J6yXm0eYZaM
7,0956,靜,174,https://www.youtube.com/watch?v=RcrJ1LZFHQA
7,0955,虛,141,https://www.youtube.com/watch?v=ZzwEYtO9pDY
7,0954,漠,85,https://www.youtube.com/watch?v=vHdkLZ-Mpms
7,0953,由,102,https://www.youtube.com/watch?v=nflskIuA55M
7,0952,氣,84,https://www.youtube.com/watch?v=I8gZow8Tii8
7,0951,求,85,https://www.youtube.com/watch?v=RZvkSmOsZaI
7,0950,槁,75,https://www.youtube.com/watch?v=May68CuT7E4
7,0949,枯,75,https://www.youtube.com/watch?v=hmEvsUfQSp0
7,0948,形,59,https://www.youtube.com/watch?v=SRz1Jt_7SUI
7,0947,反,29,https://www.youtube.com/watch?v=OSE2mkqJbbs
7,0946,神,113,https://www.youtube.com/watch?v=x9wm3PN5pHk
7,0945,增,32,https://www.youtube.com/watch?v=mgs45NWTsqE
7,0944,悽,61,https://www.youtube.com/watch?v=d7C762uTtqE
7,0943,愁,61,https://www.youtube.com/watch?v=vPYG5vLjD_E
7,0942,蕩,140,https://www.youtube.com/watch?v=i5w65sFWzSc
7,0941,荒,140,https://www.youtube.com/watch?v=YMII2retxdQ
7,0940,乖,4,https://www.youtube.com/watch?v=zLcTVwoXAwg
7,0939,怳,61,https://www.youtube.com/watch?v=AXGilvlHWWs
7,0938,惝,61,https://www.youtube.com/watch?v=9UKei7WbSuk
7,0937,遙,162,https://www.youtube.com/watch?v=KWmVPIG3VFM
7,0936,倚,9,https://www.youtube.com/watch?v=sueD8ekZ8jY
7,0935,徙,60,https://www.youtube.com/watch?v=xiGZOwwWNa0
7,0934,窮,116,https://www.youtube.com/watch?v=O5RSsvFGCPg
7,0933,曙,72,https://www.youtube.com/watch?v=Ubd_Mf42Mfo
7,0932,魂,194,https://www.youtube.com/watch?v=ExL7xi4uRCg
7,0931,寐,40,https://www.youtube.com/watch?v=QiZE2j4qems
7,0930,耿,128,https://www.youtube.com/watch?v=BPNzXpDmmGs
7,0929,夜,36,https://www.youtube.com/watch?v=dRu92nZHL1g
7,0928,結,120,https://www.youtube.com/watch?v=YVroH-15Tz8
7,0926,穢,115,https://www.youtube.com/watch?v=UftoWZB9464
7,0927,鬱,192,https://www.youtube.com/watch?v=5ZNkSAdyLjA
7,0925,汙,85,https://www.youtube.com/watch?v=p582sOuwUJc
7,0924,濁,85,https://www.youtube.com/watch?v=MnTRdREok0g
7,0923,遭,162,https://www.youtube.com/watch?v=SJq2Xxju3H8
7,0922,遠,162,https://www.youtube.com/watch?v=WDp2gJM4stA
6,0921,慮,61,https://www.youtube.com/watch?v=bpPxPjHAfJQ
6,0920,滌,85,https://www.youtube.com/watch?v=PlsISKgcM1k
6,0919,才,64,https://www.youtube.com/watch?v=1QnkUrJY42E
6,0918,掇,64,https://www.youtube.com/watch?v=kg9L1Unt66I
6,0917,初,18,https://www.youtube.com/watch?v=D431u8TukEM
6,0916,耆,125,https://www.youtube.com/watch?v=6rWSWOzTUQo
6,0915,諸,149,https://www.youtube.com/watch?v=UV-cRnasML4
6,0914,最,13,https://www.youtube.com/watch?v=h4y-BHkuicI
6,0913,懷,61,https://www.youtube.com/watch?v=ABTGqUca0G0
6,0912,眼,109,https://www.youtube.com/watch?v=2pgag3rtVJ4
6,0911,傳,9,https://www.youtube.com/watch?v=cSgy7HEDA44
6,0910,垂,32,https://www.youtube.com/watch?v=fIG7QH73lN4
6,0909,耽,128,https://www.youtube.com/watch?v=EU9Zrco8pvg
6,0908,骨,188,https://www.youtube.com/watch?v=qGV8wMj0i6c
6,0907,松,75,https://www.youtube.com/watch?v=wQJ1VuYWimI
6,0906,寒,40,https://www.youtube.com/watch?v=fuwPVmuSct4
6,0905,瑟,96,https://www.youtube.com/watch?v=wzJ4kVDAtbU
6,0904,翁,124,https://www.youtube.com/watch?v=BXZZuSsB7q8
6,0903,坡,32,https://www.youtube.com/watch?v=6xz4cEpPV6w
6,0902,癯,104,https://www.youtube.com/watch?v=3kP1R7TsgB0
6,0901,久,4,https://www.youtube.com/watch?v=RwG6U-dASw0
6,0900,低,9,https://www.youtube.com/watch?v=r8yrxJPEZWc
6,0899,愈,61,https://www.youtube.com/watch?v=RWXvTKrMRSA
6,0898,說,149,https://www.youtube.com/watch?v=UZfNHEI3DWE
6,0897,答,118,https://www.youtube.com/watch?v=fpCZtPDRHwk
6,0896,首,185,https://www.youtube.com/watch?v=qqiJbDWPNnM
6,0895,俛,9,https://www.youtube.com/watch?v=jDrdX-kvnGc
6,0894,常,50,https://www.youtube.com/watch?v=5TBOHJX0O9E
6,0893,偉,9,https://www.youtube.com/watch?v=R4xug1U4di4
6,0892,脩,130,https://www.youtube.com/watch?v=gOotVjEP-fw
6,0891,體,188,https://www.youtube.com/watch?v=R-zLXSbtj0s
6,0890,清,85,https://www.youtube.com/watch?v=mOoicOBrCXg
6,0889,貌,153,https://www.youtube.com/watch?v=EwyRWy__STY
6,0888,顯,181,https://www.youtube.com/watch?v=4313QBguOmk
6,0887,踐,157,https://www.youtube.com/watch?v=tUcYusC1XNE
6,0886,竊,116,https://www.youtube.com/watch?v=Zzs7N6_ojS8
6,0885,弟,57,https://www.youtube.com/watch?v=pAu-naeH47U
6,0884,古,30,https://www.youtube.com/watch?v=KTZxmf0td3Q
6,0883,頌,181,https://www.youtube.com/watch?v=Bil9S9oR42s
6,0882,偈,9,https://www.youtube.com/watch?v=oSltEBlCeSw
6,0881,錄,167,https://www.youtube.com/watch?v=uQk_O9tyVuM
6,0880,管,118,https://www.youtube.com/watch?v=0J68PVZXnEk
6,0879,握,64,https://www.youtube.com/watch?v=8PGzW36vpLI
6,0878,化,21,https://www.youtube.com/watch?v=sq3Lt4Lp95c
6,0877,機,75,https://www.youtube.com/watch?v=-gkyZ0Gx-gI
6,0876,隨,170,https://www.youtube.com/watch?v=BAdFdRNrVrE
6,0875,迪,162,https://www.youtube.com/watch?v=-CG9tUAhh-I
6,0874,立,117,https://www.youtube.com/watch?v=VIL7H0PGoJ0
6,0873,旨,72,https://www.youtube.com/watch?v=PDOy8HwM0_U
6,0872,微,60,https://www.youtube.com/watch?v=5-2mrVmVVFM
6,0871,莊,140,https://www.youtube.com/watch?v=RnBTdZSIHn8
6,0870,鎚,167,https://www.youtube.com/watch?v=7GyDWC4MyxM
6,0869,鉗,167,https://www.youtube.com/watch?v=MZ22GNBVfgE
6,0868,策,118,https://www.youtube.com/watch?v=I_NKbnTbg1k
6,0867,警,149,https://www.youtube.com/watch?v=VLDeMGMEc7k
6,0866,詔,149,https://www.youtube.com/watch?v=pH8_cety5Hk
6,0865,教,66,https://www.youtube.com/watch?v=9C_GEP_34oI
6,0864,承,64,https://www.youtube.com/watch?v=u_tXxGJuRkQ
6,0863,浹,85,https://www.youtube.com/watch?v=aMYDAHgCJ4I
6,0862,旬,72,https://www.youtube.com/watch?v=_X8_GWtoynE
6,0861,十,24,https://www.youtube.com/watch?v=qW5TTeUs-OE
6,0860,歲,77,https://www.youtube.com/watch?v=qoTV39PjEvo
6,0859,覲,147,https://www.youtube.com/watch?v=kVMJ31nuoKI
6,0858,額,181,https://www.youtube.com/watch?v=Z4hu6DuVGDk
6,0857,加,19,https://www.youtube.com/watch?v=hrBBVH1vKzo
6,0856,手,64,https://www.youtube.com/watch?v=KcMFNX4OVqc
6,0855,識,149,https://www.youtube.com/watch?v=XxMXzESFXv8
6,0854,童,117,https://www.youtube.com/watch?v=DO1_g_-4Xbw
6,0853,卒,24,https://www.youtube.com/watch?v=3IlWog2VCms
6,0852,走,156,https://www.youtube.com/watch?v=ASQiWrRHiXs
6,0851,夫,37,https://www.youtube.com/watch?v=7i3oeQehrvk
6,0850,卿,26,https://www.youtube.com/watch?v=R4CsN32GsOc
6,0849,愚,61,https://www.youtube.com/watch?v=uv6UgpwOZVE
6,0848,智,72,https://www.youtube.com/watch?v=LmfwU971Wwo
6,0847,若,140,https://www.youtube.com/watch?v=zyOEFJst3rY
6,0846,俗,9,https://www.youtube.com/watch?v=kFLdA8HDVq4
6,0845,惟,61,https://www.youtube.com/watch?v=z47kOevYdEk
6,0844,山,46,https://www.youtube.com/watch?v=axOObzmtarM
6,0843,隱,170,https://www.youtube.com/watch?v=TsD8Ok4_yRg
6,0842,珠,96,https://www.youtube.com/watch?v=ywcN8ZZ7J0c
6,0841,貫,154,https://www.youtube.com/watch?v=5U_lBG8E8vs
6,0840,纍,120,https://www.youtube.com/watch?v=hH4XEd7iadg
6,0839,利,18,https://www.youtube.com/watch?v=jBjbCVHp_dI
6,0838,舍,135,https://www.youtube.com/watch?v=h7PiO6cBJxY
6,0837,遍,162,https://www.youtube.com/watch?v=y-kCgrANPw0
6,0836,明,72,https://www.youtube.com/watch?v=XoRhYAq4dSg
6,0835,光,10,https://www.youtube.com/watch?v=qN_Bv2i4TVM
6,0834,旦,72,https://www.youtube.com/watch?v=2I4LZC7uhX4
6,0833,禮,113,https://www.youtube.com/watch?v=XvHzcnxYc5g
6,0832,供,9,https://www.youtube.com/watch?v=xL4tEFOuJ2Q
6,0831,夕,36,https://www.youtube.com/watch?v=UB-yC4INeC0
6,0830,奩,37,https://www.youtube.com/watch?v=6eUnRlUaTkk
6,0829,盛,108,https://www.youtube.com/watch?v=bgOdu48EjjQ
6,0828,翦,124,https://www.youtube.com/watch?v=TNsp0wrOSFc
6,0827,士,33,https://www.youtube.com/watch?v=PpWGTWLWPkI
6,0826,渚,85,https://www.youtube.com/watch?v=P11IkVOHGHw
6,0825,良,138,https://www.youtube.com/watch?v=JVfpHwmtx38
6,0824,遺,162,https://www.youtube.com/watch?v=rVMmqNFmre0
6,0823,景,72,https://www.youtube.com/watch?v=ZES28TA-cKQ
6,0822,文,67,https://www.youtube.com/watch?v=zOhyxXJTmnw
6,0821,斯,69,https://www.youtube.com/watch?v=8Kg07K4gh-Y
6,0820,覽,147,https://www.youtube.com/watch?v=jNGlQm4jIZs
6,0819,使,9,https://www.youtube.com/watch?v=kRIq1WBlzf0
6,0818,概,75,https://www.youtube.com/watch?v=4EQHyAOET-8
6,0817,姑,38,https://www.youtube.com/watch?v=aLcwmnjY1LU
6,0816,殫,78,https://www.youtube.com/watch?v=j6JIN5buq6g
6,0815,涅,85,https://www.youtube.com/watch?v=2H8zeFXhOl8
6,0814,行,144,https://www.youtube.com/watch?v=adgAJl8ORzU
6,0813,細,120,https://www.youtube.com/watch?v=CbYBctK5vM8
6,0812,囊,30,https://www.youtube.com/watch?v=I2_lQBajqnc
6,0811,水,85,https://www.youtube.com/watch?v=Xgt0lxFGaUs
6,0810,濾,85,https://www.youtube.com/watch?v=xAtxdxGTJ6Q
6,0808,全,11,https://www.youtube.com/watch?v=bGleYUeVHtA
6,0807,蟲,142,https://www.youtube.com/watch?v=RXDaIf_cX68
6,0806,果,75,https://www.youtube.com/watch?v=-xmaXtdYtxM
6,0805,擘,64,https://www.youtube.com/watch?v=nvfcK207Svw
6,0804,薪,140,https://www.youtube.com/watch?v=AbcGwehKLcA
6,0803,析,75,https://www.youtube.com/watch?v=8XK_AC4qDE8
6,0802,償,9,https://www.youtube.com/watch?v=MWdLgl0bIuA
6,0801,告,30,https://www.youtube.com/watch?v=G1RI32_oqlk
6,0809,置,122,https://www.youtube.com/watch?v=RA9Ks9PEza0
6,0800,衣,145,https://www.youtube.com/watch?v=8RxEH8eNqj0
6,0799,賣,154,https://www.youtube.com/watch?v=s64gkRBD-jU
6,0798,後,60,https://www.youtube.com/watch?v=8a2d_ATsTIM
6,0797,筍,118,https://www.youtube.com/watch?v=E9jv7BxfKWk
6,0796,踏,157,https://www.youtube.com/watch?v=WE1ko7L2TCs
6,0795,誤,149,https://www.youtube.com/watch?v=5tIx8c2C69g
6,0794,竺,118,https://www.youtube.com/watch?v=UvlGsTJwPHE
6,0793,南,24,https://www.youtube.com/watch?v=UCnUE0kLwTI
6,0792,寓,40,https://www.youtube.com/watch?v=pSsUO75Fz5I
6,0791,設,149,https://www.youtube.com/watch?v=GXgBYrNAsfc
6,0790,妙,38,https://www.youtube.com/watch?v=ngyfYPOE0co
6,0789,縱,120,https://www.youtube.com/watch?v=532bsmIgOUk
6,0788,律,60,https://www.youtube.com/watch?v=f_RI6p_HqB0
6,0787,戒,62,https://www.youtube.com/watch?v=A5IMwuzrKgU
6,0786,險,170,https://www.youtube.com/watch?v=5mlDNuT7Ucc
6,0785,戶,63,https://www.youtube.com/watch?v=PAxKgVuAza4
6,0784,泊,85,https://www.youtube.com/watch?v=hb4gokvJOmk
6,0783,湊,85,https://www.youtube.com/watch?v=nOjLw3fWugo
6,0782,淺,85,https://www.youtube.com/watch?v=JroS3SXFQeY
6,0781,箇,118,https://www.youtube.com/watch?v=9doe2Q51j3c
6,0780,那,163,https://www.youtube.com/watch?v=YcopX-KF_KY
6,0779,面,176,https://www.youtube.com/watch?v=SYqjei-z8m0
6,0778,兩,11,https://www.youtube.com/watch?v=Myfxy7OFoGU
6,0777,假,9,https://www.youtube.com/watch?v=Z3U4166UJwE
6,0776,負,154,https://www.youtube.com/watch?v=fw2EJF985v0
6,0775,勝,19,https://www.youtube.com/watch?v=OMcZ8kxqwVc
6,0774,爭,87,https://www.youtube.com/watch?v=BXAkMMXZivw
6,0773,舌,135,https://www.youtube.com/watch?v=Kn2hvoZSL4c
6,0772,未,75,https://www.youtube.com/watch?v=v4lJxuVwDNA
6,0771,述,162,https://www.youtube.com/watch?v=R-WzkZyRIx0
6,0770,做,9,https://www.youtube.com/watch?v=QSAtk6jpHZg
6,0769,腳,130,https://www.youtube.com/watch?v=5IIIGBQEWcs
6,0768,活,85,https://www.youtube.com/watch?v=1qFAeujW-_I
6,0767,智,72,https://www.youtube.com/watch?v=O-olX_WsPi4
6,0766,差,48,https://www.youtube.com/watch?v=8vY23Z2rUCc
6,0765,證,149,https://www.youtube.com/watch?v=ZlsBhHngJeg
6,0764,親,147,https://www.youtube.com/watch?v=FjAJ5GAXae8
6,0763,到,18,https://www.youtube.com/watch?v=txZQogm17e4
6,0762,直,109,https://www.youtube.com/watch?v=gWvqFliLA1I
6,0761,鹵,197,https://www.youtube.com/watch?v=EwoSIWWdG4M
6,0760,莽,140,https://www.youtube.com/watch?v=Sjhs2fc0bAo
6,0759,前,18,https://www.youtube.com/watch?v=XTXgd84YczY
6,0758,角,148,https://www.youtube.com/watch?v=D2GPIDsYrDc
6,0757,倆,9,https://www.youtube.com/watch?v=cHTnMhnzqzo
6,0756,伎,9,https://www.youtube.com/watch?v=Fd5s54BhgFs
6,0755,撲,64,https://www.youtube.com/watch?v=KOBCUOVJTD0
6,0754,邪,163,https://www.youtube.com/watch?v=cFjgegR3ENM
6,0753,徒,60,https://www.youtube.com/watch?v=wK_mFje3JL4
6,0752,被,145,https://www.youtube.com/watch?v=H-bEVEnWUyI
6,0751,床,53,https://www.youtube.com/watch?v=GR1EYWwboWs
6,0750,銘,167,https://www.youtube.com/watch?v=-c3afbJ-wns
6,0749,曲,73,https://www.youtube.com/watch?v=zQNjYtVsE50
6,0748,於,70,https://www.youtube.com/watch?v=EEviwLRPB2s
6,0747,喝,30,https://www.youtube.com/watch?v=130mbj1dhB8
6,0746,地,32,https://www.youtube.com/watch?v=_PD8PWVbpzQ
6,0745,疑,103,https://www.youtube.com/watch?v=DYGRAGp9uZ4
6,0744,解,148,https://www.youtube.com/watch?v=xn0y1Omh0Gs
6,0743,知,111,https://www.youtube.com/watch?v=YQmZ2OxR2aA
6,0742,負,154,https://www.youtube.com/watch?v=w8yqtOeimkw
6,0741,罰,122,https://www.youtube.com/watch?v=IKdP8voWrow
6,0740,賞,154,https://www.youtube.com/watch?v=AlQTyjFiodw
6,0739,藤,140,https://www.youtube.com/watch?v=j08guqc-_Yk
6,0738,烏,86,https://www.youtube.com/watch?v=kl59uiscBVM
6,0737,決,85,https://www.youtube.com/watch?v=MrIDIJXSBAY
6,0736,痛,104,https://www.youtube.com/watch?v=Tbo_9sWWww4
6,0735,黎,202,https://www.youtube.com/watch?v=quuDuxrH_CQ
6,0734,伽,9,https://www.youtube.com/watch?v=LG3gg5xBMMs
6,0733,卸,26,https://www.youtube.com/watch?v=6qF8-igc-Us
6,0732,奪,37,https://www.youtube.com/watch?v=vkgaQcttI3Y
6,0731,定,40,https://www.youtube.com/watch?v=e9QLTyajCmg
6,0730,偽,9,https://www.youtube.com/watch?v=2jNBGrxENfg
6,0729,真,109,https://www.youtube.com/watch?v=Yg9YtdRFBJA
6,0728,淺,85,https://www.youtube.com/watch?v=0FfTyjPMJgE
6,0727,勘,19,https://www.youtube.com/watch?v=8nX0DZtAlC4
6,0726,髓,188,https://www.youtube.com/watch?v=RQUo90d002Q
6,0725,骨,188,https://www.youtube.com/watch?v=ffOJDHByN40
6,0724,刮,18,https://www.youtube.com/watch?v=cPpHxHvM9TU
6,0723,璞,96,https://www.youtube.com/watch?v=2fhb_KfoYSM
6,0722,石,112,https://www.youtube.com/watch?v=ighqNuN-T9E
6,0721,詰,149,https://www.youtube.com/watch?v=5hsWfEoHomk
6,0720,搜,64,https://www.youtube.com/watch?v=zEd_w5e4PyQ
6,0719,盡,108,https://www.youtube.com/watch?v=ngzlCzoIT-8
6,0718,款,76,https://www.youtube.com/watch?v=CdkSqVFsQbo
6,0717,案,75,https://www.youtube.com/watch?v=yT1U9kWltPY
6,0716,鋒,167,https://www.youtube.com/watch?v=9RO0qfcbDzw
6,0715,爭,87,https://www.youtube.com/watch?v=8RYvHFnjsoY
6,0714,強,57,https://www.youtube.com/watch?v=M5RaOGgd_kc
6,0713,命,30,https://www.youtube.com/watch?v=zPTj8pYMwGM
6,0712,性,61,https://www.youtube.com/watch?v=uj8yFhfLa7g
6,0711,設,149,https://www.youtube.com/watch?v=MPaKcmUQBLs
6,0710,執,32,https://www.youtube.com/watch?v=Y2CclHtQgYk
6,0709,失,37,https://www.youtube.com/watch?v=l7VM9_5axO4
6,0708,凜,15,https://www.youtube.com/watch?v=hvb7Ga1xXow
6,0707,莫,140,https://www.youtube.com/watch?v=R9v-LoULFUY
6,0706,據,64,https://www.youtube.com/watch?v=XQmbF0KIPgc
6,0705,退,162,https://www.youtube.com/watch?v=xAGRpSvoaHQ
6,0704,依,9,https://www.youtube.com/watch?v=hIvFyUL1Yuo
6,0703,進,162,https://www.youtube.com/watch?v=4gBnQtbEoBo
6,0702,磴,112,https://www.youtube.com/watch?v=kSO2jhQipMs
6,0701,雪,173,https://www.youtube.com/watch?v=GD7kqRszy0U
6,0700,崖,46,https://www.youtube.com/watch?v=O4hOO9HsniY
6,0699,冰,15,https://www.youtube.com/watch?v=dPi7JsTqgPQ
6,0698,躋,157,https://www.youtube.com/watch?v=EzubxDclkx4
6,0697,山,46,https://www.youtube.com/watch?v=ywRB9pXJIC4
6,0696,仞,9,https://www.youtube.com/watch?v=-0sRk7H-Xvk
6,0695,登,105,https://www.youtube.com/watch?v=1BPVWVv7CE4
6,0694,借,9,https://www.youtube.com/watch?v=nG6d_cq4pdE
6,0693,則,18,https://www.youtube.com/watch?v=wxFxQobMpMw
6,0692,象,152,https://www.youtube.com/watch?v=HBzArXx-EIs
6,0691,笞,118,https://www.youtube.com/watch?v=rKc2JHe7BH8
6,0690,蚖,142,https://www.youtube.com/watch?v=_qDZ8OS0Lv4
6,0689,黑,203,https://www.youtube.com/watch?v=2rK8XCfXgeY
6,0688,尺,44,https://www.youtube.com/watch?v=u2ThIG6n-y0
6,0687,三,1,https://www.youtube.com/watch?v=18XZA8WNP60
6,0686,握,64,https://www.youtube.com/watch?v=CnGsfEbwG2k
6,0685,謂,149,https://www.youtube.com/watch?v=Z9h_3OIBYFY
6,0684,咸,30,https://www.youtube.com/watch?v=NL6omMbrsek
6,0683,悅,61,https://www.youtube.com/watch?v=3bRY8EfcSTQ
6,0682,心,61,https://www.youtube.com/watch?v=UmksT9lx8cY
6,0681,使,9,https://www.youtube.com/watch?v=FFl2Ugs1zF0
6,0680,春,72,https://www.youtube.com/watch?v=dzQhi2brMCE
6,0679,坐,32,https://www.youtube.com/watch?v=YQNtcn5oyiY
6,0678,易,72,https://www.youtube.com/watch?v=c32JGaO6EiE
6,0677,和,30,https://www.youtube.com/watch?v=WUZGNminvys
6,0676,咄,30,https://www.youtube.com/watch?v=yxpttBZDzzc
6,0675,軟,159,https://www.youtube.com/watch?v=hEsmCx40Zgk
6,0674,法,85,https://www.youtube.com/watch?v=U7GejpnnTAk
6,0673,人,9,https://www.youtube.com/watch?v=YtOx3LD4egg
6,0672,泣,85,https://www.youtube.com/watch?v=97YLXur0MwE
6,0671,諄,149,https://www.youtube.com/watch?v=9NOi0XctKq8
6,0670,誨,149,https://www.youtube.com/watch?v=xv0XzXuRZ2o
6,0669,堂,32,https://www.youtube.com/watch?v=tpPqRinQrWw
6,0668,上,1,https://www.youtube.com/watch?v=LqUF3BE4z48
6,0667,將,41,https://www.youtube.com/watch?v=ckh_-sJs75E
6,0666,期,74,https://www.youtube.com/watch?v=g_hHDEAXwo8
6,0665,每,80,https://www.youtube.com/watch?v=kP8QjNki0gQ
6,0664,時,72,https://www.youtube.com/watch?v=i_MH9Zix3QM
6,0663,以,9,https://www.youtube.com/watch?v=88G6NZDFRis
6,0662,不,1,https://www.youtube.com/watch?v=Q3wt0YMlaHw
6,0661,室,40,https://www.youtube.com/watch?v=HqPLhS9eT9Y
6,0660,勵,19,https://www.youtube.com/watch?v=A8AkjNIaLWo
6,0659,峰峯,,https://www.youtube.com/watch?v=NgaLHaT0ptQ
6,0658,逸,162,https://www.youtube.com/watch?v=UEjcuFaSHFs
6,0657,恐,61,https://www.youtube.com/watch?v=upB40cBQda0
6,0656,亡,8,https://www.youtube.com/watch?v=WubmQizz2jw
6,0655,曰,73,https://www.youtube.com/watch?v=h1jT_MDQmrU
6,0654,喬,30,https://www.youtube.com/watch?v=SVlSOcJqT5s
6,0653,遺,162,https://www.youtube.com/watch?v=Qr-asK6L7nE
6,0652,而,126,https://www.youtube.com/watch?v=iE0fcrmlLA8
6,0651,詳,149,https://www.youtube.com/watch?v=BW4vxAbU9pw
6,0650,紀,120,https://www.youtube.com/watch?v=_TvZI1M0E2Q
6,0649,予,6,https://www.youtube.com/watch?v=UztKyiTxl8U
6,0648,逝,162,https://www.youtube.com/watch?v=EMvVBvVN8FE
6,0647,作,9,https://www.youtube.com/watch?v=f90m5z06jY8
6,0646,麼,200,https://www.youtube.com/watch?v=V0eL2dziIrc
6,0645,筆,118,https://www.youtube.com/watch?v=aay7lTVk1WU
6,0644,起,156,https://www.youtube.com/watch?v=AD7EMfhyXuI
6,0643,豎,151,https://www.youtube.com/watch?v=5BSxCw9pyx0
6,0642,瓊,96,https://www.youtube.com/watch?v=1lXLnnpHUxU
6,0641,問,30,https://www.youtube.com/watch?v=tfEoPT-a6To
6,0640,鷂,196,https://www.youtube.com/watch?v=I0PF130aEQ0
6,0639,毛,82,https://www.youtube.com/watch?v=JJ5h2q3BQqo
6,0638,出,17,https://www.youtube.com/watch?v=ZnSMTIcwu14
6,0637,放,66,https://www.youtube.com/watch?v=_hefHFuQjiQ
6,0636,開,169,https://www.youtube.com/watch?v=Up42asVXxCg
6,0635,豁,150,https://www.youtube.com/watch?v=sRuO9koLyb8
6,0634,孔,39,https://www.youtube.com/watch?v=8syf21CorB4
6,0633,鼻,209,https://www.youtube.com/watch?v=Mg7vY6kTeD0
6,0632,生,100,https://www.youtube.com/watch?v=XtxYxptIvgM
6,0631,娘,38,https://www.youtube.com/watch?v=dyuws4isRHY
6,0630,好,38,https://www.youtube.com/watch?v=u3LAnExmsq4
6,0629,場,32,https://www.youtube.com/watch?v=jwocZRIqsm0
6,0628,倒,9,https://www.youtube.com/watch?v=zLSfR7otPVw
6,0627,顛,181,https://www.youtube.com/watch?v=Ov8Tp9kI_fU
6,0626,年,51,https://www.youtube.com/watch?v=IJ-2OMtWzXU
6,0625,六,12,https://www.youtube.com/watch?v=cOEFhKWaybc
6,0624,信,9,https://www.youtube.com/watch?v=m_PQpfcHQ9U
6,0623,痾,104,https://www.youtube.com/watch?v=MHAFO8LdAO4
6,0622,沉,85,https://www.youtube.com/watch?v=zrnewW7EQM8
6,0621,喜,30,https://www.youtube.com/watch?v=x8SGR3LQJ8c
6,0620,省,109,https://www.youtube.com/watch?v=fsADgOkNQ5I
6,0619,影,59,https://www.youtube.com/watch?v=yDZNkt9ln1s
6,0618,湯,85,https://www.youtube.com/watch?v=hdgESAisaWY
6,0617,俯,9,https://www.youtube.com/watch?v=y66R5g2ymO8
6,0616,浴,85,https://www.youtube.com/watch?v=574QEeYFkWY
6,0615,亟,7,https://www.youtube.com/watch?v=Hd8vmv-AfuM
6,0614,啜,30,https://www.youtube.com/watch?v=Gw5P-lTyKpc
6,0613,里,166,https://www.youtube.com/watch?v=oGCkIHc7PqU
6,0612,返,162,https://www.youtube.com/watch?v=fZ71T5zNEiQ
6,0611,往,60,https://www.youtube.com/watch?v=FlXGFhef8HQ
6,0610,復,60,https://www.youtube.com/watch?v=ivu5WBnjc18
6,0609,焉,86,https://www.youtube.com/watch?v=MT72MFXnEgE
6,0608,醋,164,https://www.youtube.com/watch?v=H8OjedvgUfI
6,0607,思,61,https://www.youtube.com/watch?v=tWvbcSiV5bQ
6,0606,賺,154,https://www.youtube.com/watch?v=s7_HcVcrzMw
6,0605,相,109,https://www.youtube.com/watch?v=EFNqLIbtAmg
6,0604,決,85,https://www.youtube.com/watch?v=INhQ4fsqPII
6,0603,捱,64,https://www.youtube.com/watch?v=G1UOWT4EYc0
6,0602,病,104,https://www.youtube.com/watch?v=k4fmBJt6QdI
6,0601,袋,145,https://www.youtube.com/watch?v=YbHCqsYgvA0
6,0600,皮,107,https://www.youtube.com/watch?v=JBK9NVdAXD0
6,0599,臭,132,https://www.youtube.com/watch?v=aNgs2lJbeD0
6,0598,牒,91,https://www.youtube.com/watch?v=265l_qwZmUs
6,0597,祠,113,https://www.youtube.com/watch?v=by32NFtYwzE
6,0596,焚,86,https://www.youtube.com/watch?v=hMtpkd5DOuE
6,0595,在,32,https://www.youtube.com/watch?v=LOMbmTeDxnM
6,0594,悲,61,https://www.youtube.com/watch?v=koXCqhMiV9Y
6,0593,慈,61,https://www.youtube.com/watch?v=tyQu-GhKN_U
6,0592,猶,94,https://www.youtube.com/watch?v=suJom1gy35o
6,0591,臂,130,https://www.youtube.com/watch?v=UHw-f1JmjJs
6,0590,煉,86,https://www.youtube.com/watch?v=Z3O6chlW-34
6,0589,邇,162,https://www.youtube.com/watch?v=EU3PNnRKHHw
6,0588,數,66,https://www.youtube.com/watch?v=I0d4RMvDqkE
6,0587,哭,30,https://www.youtube.com/watch?v=Secq1kaEs1w
6,0586,奔,37,https://www.youtube.com/watch?v=V5tzrNFK_XQ
6,0585,素,120,https://www.youtube.com/watch?v=uWgPDfWJ2Fo
6,0584,緇,120,https://www.youtube.com/watch?v=KaSc6829Y1o
6,0583,端,117,https://www.youtube.com/watch?v=bLrtT3_G5P4
6,0582,鑽,167,https://www.youtube.com/watch?v=9lbb_0CBtiU
6,0581,蛇,142,https://www.youtube.com/watch?v=0zBrr4XDmuw
6,0580,鐵,167,https://www.youtube.com/watch?v=hQCqYrPQins
6,0579,關,169,https://www.youtube.com/watch?v=dhV6cWfX7Zo
6,0578,慟,61,https://www.youtube.com/watch?v=wn5UYyU_BeY
6,0577,哀,30,https://www.youtube.com/watch?v=cusI0EDCfI8
6,0576,眾,109,https://www.youtube.com/watch?v=jfwvJHR0bKY
6,0575,隔,170,https://www.youtube.com/watch?v=oSq-ATKyjTI
6,0574,懸,61,https://www.youtube.com/watch?v=5AuuN4a0kLI
6,0573,自,132,https://www.youtube.com/watch?v=mKAXgImdx4A
6,0572,平,51,https://www.youtube.com/watch?v=zDTyck4-RFc
6,0571,及,29,https://www.youtube.com/watch?v=Ojw8Knfx2bc
6,0570,累,120,https://www.youtube.com/watch?v=XzJZMXPbQLg
6,0569,遂,162,https://www.youtube.com/watch?v=UNEAG-lRbYM
6,0568,付,9,https://www.youtube.com/watch?v=fEngMF5t6fE
6,0567,乙,5,https://www.youtube.com/watch?v=P9m1jxhKGWw
6,0566,廢,53,https://www.youtube.com/watch?v=aaVqGXkFqWE
6,0565,嘗,30,https://www.youtube.com/watch?v=RCz9sLiGzBo
6,0564,稔,115,https://www.youtube.com/watch?v=M5g9qMx9jeM
6,0563,四,31,https://www.youtube.com/watch?v=BqcIeMPP7ZM
6,0562,權,75,https://www.youtube.com/watch?v=uKZ0W_Bbqys
6,0561,雍,172,https://www.youtube.com/watch?v=CdrSW0Xe1oE
6,0560,脈,130,https://www.youtube.com/watch?v=GSeQT_flO0Q
6,0559,岡,46,https://www.youtube.com/watch?v=h7zOVNEfv84
6,0558,剎,18,https://www.youtube.com/watch?v=GCttQM4Phj4
6,0557,契,37,https://www.youtube.com/watch?v=LqvIoZAJynY
6,0556,夙,36,https://www.youtube.com/watch?v=9WEwrr7Zpn8
6,0555,如,38,https://www.youtube.com/watch?v=G6-A5AhdEqA
6,0554,恍,61,https://www.youtube.com/watch?v=P4Mc8QM6HIU
6,0553,顏,181,https://www.youtube.com/watch?v=vlbwlYrRAF8
6,0552,瞿,109,https://www.youtube.com/watch?v=PadHsVuSEHw
6,0551,沙,85,https://www.youtube.com/watch?v=WPxKCdHylBc
6,0550,鶴,196,https://www.youtube.com/watch?v=aNX2YpDX9TM
6,0549,踰,157,https://www.youtube.com/watch?v=nAPNUxblfsw
6,0548,海,85,https://www.youtube.com/watch?v=1XLNor2ToCY
6,0547,屆,44,https://www.youtube.com/watch?v=0yMc7675XS0
6,0546,香,186,https://www.youtube.com/watch?v=rkGvakJZgwE
6,0545,瓣,97,https://www.youtube.com/watch?v=QA3t8quUwM4
6,0544,拂,64,https://www.youtube.com/watch?v=_9V2t_Zi9b8
6,0543,篦,118,https://www.youtube.com/watch?v=O7t30KiG9IQ
6,0542,竹,118,https://www.youtube.com/watch?v=823I0vzgKfc
6,0541,喚,30,https://www.youtube.com/watch?v=xaL5YG43rhg
6,0540,凡,16,https://www.youtube.com/watch?v=dr-fQd1EDxQ
6,0539,仰,9,https://www.youtube.com/watch?v=5x3k9lCX-_4
6,0538,語,149,https://www.youtube.com/watch?v=Exnd3Pi0N_Q
6,0537,倘,9,https://www.youtube.com/watch?v=IMU7taLtd1M
6,0536,尼,44,https://www.youtube.com/watch?v=fSj5s3OTcp8
6,0535,毗,81,https://www.youtube.com/watch?v=4IMGHccwekA
6,0534,公,12,https://www.youtube.com/watch?v=bTDdVepfaHs
6,0533,祖,113,https://www.youtube.com/watch?v=VmQfKvh0KIY
6,0532,佛,9,https://www.youtube.com/watch?v=NmmvUJhg20U
6,0531,脫,130,https://www.youtube.com/watch?v=t7PW7dG9sAE
6,0530,本,75,https://www.youtube.com/watch?v=S4ncf8OcQX8
6,0529,底,53,https://www.youtube.com/watch?v=i1PNE2zbURI
6,0528,驗,187,https://www.youtube.com/watch?v=7VS0hgruSI0
6,0527,乃,4,https://www.youtube.com/watch?v=v7QxwMgWjeM
6,0526,視,113,https://www.youtube.com/watch?v=67huATqUoWw
6,0525,瞻,109,https://www.youtube.com/watch?v=Jjag1CR66y4
6,0524,罕,122,https://www.youtube.com/watch?v=jZtRfBH6aNU
6,0523,梯,75,https://www.youtube.com/watch?v=_QRPaORciMw
6,0522,撤,64,https://www.youtube.com/watch?v=7zLYsYc2lS4
6,0521,併,9,https://www.youtube.com/watch?v=7K96QT_FZDA
6,0520,鐺,167,https://www.youtube.com/watch?v=1Wc5vWz-sAY
6,0519,甕,98,https://www.youtube.com/watch?v=Vk9HHKZiLjA
6,0518,截,62,https://www.youtube.com/watch?v=TKYgNlEMm2U
6,0517,身,158,https://www.youtube.com/watch?v=RD10M7NfCic
6,0516,澡,85,https://www.youtube.com/watch?v=9qrRh2gPpeg
6,0515,服,74,https://www.youtube.com/watch?v=abcLkV3SnO8
6,0514,屏,44,https://www.youtube.com/watch?v=V9kRy4GlZX0
6,0513,侍,9,https://www.youtube.com/watch?v=XzdZqrRopns
6,0512,給,120,https://www.youtube.com/watch?v=epxxe_EAax0
6,0511,搖,64,https://www.youtube.com/watch?v=L_vspJis5Zo
6,0510,淖,85,https://www.youtube.com/watch?v=4zDczBtI4x8
6,0509,溜,85,https://www.youtube.com/watch?v=eJbrjTgbvwA
6,0508,半,24,https://www.youtube.com/watch?v=VQdApKf7nOM
6,0507,衡,144,https://www.youtube.com/watch?v=BTWxySu_8m0
6,0506,蓋,140,https://www.youtube.com/watch?v=IupGPRcd0ug
6,0505,茅,140,https://www.youtube.com/watch?v=0ifxnJWobHY
6,0504,葺,140,https://www.youtube.com/watch?v=e-UmSGY9TVA
6,0503,繼,120,https://www.youtube.com/watch?v=z1S919HEbhM
6,0502,遁,162,https://www.youtube.com/watch?v=RCKolKiGaX4
6,0501,霄,173,https://www.youtube.com/watch?v=9N-u_sH6NGQ
6,0500,屨,44,https://www.youtube.com/watch?v=MZRRxr_jbJc
6,0499,啟,66,https://www.youtube.com/watch?v=l174NkyUK8Q
6,0498,堵,32,https://www.youtube.com/watch?v=JIRliFNNrQ0
6,0497,按,64,https://www.youtube.com/watch?v=QrFP7FKKPgM
6,0496,兵,12,https://www.youtube.com/watch?v=yE2f0MUrzYg
6,0495,避,162,https://www.youtube.com/watch?v=pNsytvKp5rg
6,0494,拔,64,https://www.youtube.com/watch?v=q7PApVTRNFk
6,0493,容,40,https://www.youtube.com/watch?v=Uzopx1z98Ng
6,0492,難,172,https://www.youtube.com/watch?v=xqtRrKwyflw
6,0491,集,172,https://www.youtube.com/watch?v=IC_SVraW6WM
6,0490,雲,173,https://www.youtube.com/watch?v=9GuZ86JnII4
6,0489,層,44,https://www.youtube.com/watch?v=CBHtnF36U8c
6,0488,稜,115,https://www.youtube.com/watch?v=4kh-enYnKfU
6,0487,蘿,140,https://www.youtube.com/watch?v=ww3qW56qdMU
6,0486,攀,64,https://www.youtube.com/watch?v=1ESrlf8QmQg
6,0485,宴,40,https://www.youtube.com/watch?v=q3JQFg3rW1Y
6,0484,正,77,https://www.youtube.com/watch?v=3R2nP5S7nYw
6,0483,可,30,https://www.youtube.com/watch?v=Oir9DffNBVg
6,0482,霽,173,https://www.youtube.com/watch?v=EKr3r8uciUc
6,0481,梗,75,https://www.youtube.com/watch?v=8vAURZseHh8
6,0480,搗,64,https://www.youtube.com/watch?v=f42EG9afdaE
6,0479,鑪,167,https://www.youtube.com/watch?v=waqpw0o0rLM
6,0478,扇,63,https://www.youtube.com/watch?v=SaUSPheR1Wc
6,0477,衲,145,https://www.youtube.com/watch?v=Fw4QFXOhqyQ
6,0476,炙,86,https://www.youtube.com/watch?v=wRP4mi2EpCU
6,0475,龕,212,https://www.youtube.com/watch?v=rwYEQI7_Cto
6,0474,柴,75,https://www.youtube.com/watch?v=_DjhJ6QQSgI
6,0473,縛,120,https://www.youtube.com/watch?v=4gF3kAC2Rn0
6,0472,履,44,https://www.youtube.com/watch?v=rTZ5vhC7hfw
6,0471,舊,134,https://www.youtube.com/watch?v=8S6_uQnhx3A
6,0470,鄉,163,https://www.youtube.com/watch?v=U3WFMRelSPU
6,0469,見,147,https://www.youtube.com/watch?v=jduMW9qtEJ8
6,0468,州,47,https://www.youtube.com/watch?v=fqxst_hHpN8
6,0467,澈,85,https://www.youtube.com/watch?v=kDKhWy8Dk78
6,0466,廓,53,https://www.youtube.com/watch?v=nrmDNJ1v3m0
6,0465,墮,32,https://www.youtube.com/watch?v=-Z2URTFY6vc
6,0464,枕,75,https://www.youtube.com/watch?v=y3bKy6n3i0s
6,0463,漢,85,https://www.youtube.com/watch?v=QM7PEjFG_DI
6,0462,獃,94,https://www.youtube.com/watch?v=eMVM4UR_K_Y
6,0461,癡,104,https://www.youtube.com/watch?v=NAt1JorK0GE
6,0460,拚,64,https://www.youtube.com/watch?v=dVlMqAYJ548
6,0459,誓,149,https://www.youtube.com/watch?v=D3Cy31OTz8Q
6,0458,鬚,190,https://www.youtube.com/watch?v=5y4AYkWzqek
6,0457,龍,212,https://www.youtube.com/watch?v=5ZBfo2HxCBw
6,0456,臨,131,https://www.youtube.com/watch?v=6oqqTlGSUwY
6,0455,志,61,https://www.youtube.com/watch?v=DuiK8Lal7_I
6,0454,奮,37,https://www.youtube.com/watch?v=bib1Zq9bmjg
6,0453,遂,162,https://www.youtube.com/watch?v=QgsFNmAt2-8
6,0452,寅,40,https://www.youtube.com/watch?v=QapYU1YiK88
6,0451,丙,1,https://www.youtube.com/watch?v=Yc5Zv2nH97Y
6,0450,竟,180,https://www.youtube.com/watch?v=OEIZ7kKylKs
6,0449,覺,147,https://www.youtube.com/watch?v=P4Nq4Kyef04
6,0448,精,119,https://www.youtube.com/watch?v=A9NbbpqfcGs
6,0447,擻,64,https://www.youtube.com/watch?v=yt_OvzsHkVk
6,0446,飯,184,https://www.youtube.com/watch?v=S53I-b6_QHQ
6,0445,喫,30,https://www.youtube.com/watch?v=rByidGfdgEY
6,0444,來,9,https://www.youtube.com/watch?v=amkRowFCD2k
6,0443,饑,184,https://www.youtube.com/watch?v=7eXQPdsbmcM
6,0442,去,28,https://www.youtube.com/watch?v=h1PQkQiBvI8
6,0441,囑,30,https://www.youtube.com/watch?v=9GBWN_7mmvw
6,0440,處,141,https://www.youtube.com/watch?v=gcJYDLoR08o
6,0439,歷,77,https://www.youtube.com/watch?v=rRqrWV5xR_M
6,0438,甚,99,https://www.youtube.com/watch?v=ZFVFumbV6lY
6,0437,無,86,https://www.youtube.com/watch?v=VTiH4ZFMyuY
6,0436,終,120,https://www.youtube.com/watch?v=K5hf6Rhn9d8
6,0435,然,86,https://www.youtube.com/watch?v=Gvdu0WweTFs
6,0434,毅,79,https://www.youtube.com/watch?v=gTbKi5ladAQ
6,0433,色,139,https://www.youtube.com/watch?v=b2AHMXYpUSY
6,0432,辭,160,https://www.youtube.com/watch?v=lLPtoTt52XI
6,0431,屢,44,https://www.youtube.com/watch?v=XZFF_YNItA8
6,0430,叟,29,https://www.youtube.com/watch?v=KvIddLs-4ks
6,0429,竇,116,https://www.youtube.com/watch?v=mmeuWtrmOSU
6,0428,迤,162,https://www.youtube.com/watch?v=XfZ60Gn0vek
6,0426,著,140,https://www.youtube.com/watch?v=Sd33YxtceXM
6,0425,要,146,https://www.youtube.com/watch?v=tVTipTfgfQE
6,0424,破,112,https://www.youtube.com/watch?v=x9CpfR1Kzss
6,0423,驀,187,https://www.youtube.com/watch?v=hngGQaorbhs
6,0422,遮,162,https://www.youtube.com/watch?v=1J4xViZDnXU
6,0421,是,72,https://www.youtube.com/watch?v=oAvvlu_F5xc
6,0420,讚,149,https://www.youtube.com/watch?v=zrioMLSj-zk
6,0419,演,85,https://www.youtube.com/watch?v=9rLs6J3GaqY
6,0418,覩,147,https://www.youtube.com/watch?v=sVjVYvzl_1E
6,0417,頭,181,https://www.youtube.com/watch?v=vPB7spsNqRE
6,0416,擡,64,https://www.youtube.com/watch?v=YwbmL2vKsRE
6,0415,諷,149,https://www.youtube.com/watch?v=tBb1xA5Pr_E
6,0414,睫,109,https://www.youtube.com/watch?v=JJ6SzY_IrzE
6,0413,頓,181,https://www.youtube.com/watch?v=abFqWu8XAIU
6,0412,憶,61,https://www.youtube.com/watch?v=Yz97o1E0mdg
6,0411,徑,60,https://www.youtube.com/watch?v=J0D515-sTM8
6,0410,雙,172,https://www.youtube.com/watch?v=Nudb20tW7ho
6,0409,虔,141,https://www.youtube.com/watch?v=clBqzdoAj-A
6,0408,即,26,https://www.youtube.com/watch?v=BWlxNMv0JXY
6,0407,卻,26,https://www.youtube.com/watch?v=LeRjeEm0oUQ
6,0406,閉,169,https://www.youtube.com/watch?v=hZl79LvYC00
6,0405,訊,149,https://www.youtube.com/watch?v=pjNOiH0jh6s
6,0404,塔,32,https://www.youtube.com/watch?v=Zajva1S1Y5o
6,0403,巖,46,https://www.youtube.com/watch?v=pqFdl7FT0fA
6,0402,護,149,https://www.youtube.com/watch?v=ZSh3DgtfY9A
6,0401,曷,73,https://www.youtube.com/watch?v=ehjHOLRjvcA
6,0400,辨,160,https://www.youtube.com/watch?v=uib2vWKVZ3Q
6,0399,扃,63,https://www.youtube.com/watch?v=7Fu8aRqPQ_Y
6,0398,或,62,https://www.youtube.com/watch?v=kyMHKu4adZo
6,0397,脅,130,https://www.youtube.com/watch?v=Pej6mHMiX7M
6,0396,話,149,https://www.youtube.com/watch?v=rAcNgt1u8gc
6,0427,讓,149,https://www.youtube.com/watch?v=LiGJ1vs3wZ4
6,0395,橋,75,https://www.youtube.com/watch?v=YhBkgPjSVtw
6,0394,斷,69,https://www.youtube.com/watch?v=MH439xugDKQ
6,0393,學,39,https://www.youtube.com/watch?v=8UEACgPCrgY
6,0392,習,124,https://www.youtube.com/watch?v=p7yEw0brYuM
6,0391,髮,190,https://www.youtube.com/watch?v=jZwr7Noxyz4
6,0390,薙,140,https://www.youtube.com/watch?v=d59nExD9XIA
6,0389,請,149,https://www.youtube.com/watch?v=EM1HCE_ZfbM
6,0388,懇,61,https://www.youtube.com/watch?v=FQW3nnlNlSI
6,0387,纔,120,https://www.youtube.com/watch?v=1kupokA-9mg
6,0386,宿,40,https://www.youtube.com/watch?v=2OIfopJVKzA
6,0385,投,64,https://www.youtube.com/watch?v=CtJ-vVKUZ04
6,0384,僧,9,https://www.youtube.com/watch?v=dyuuwbZvNZM
6,0383,夢,36,https://www.youtube.com/watch?v=FXobRnwVpK4
6,0382,號,141,https://www.youtube.com/watch?v=chVQ50Y8f0M
5,0381,切,18,https://www.youtube.com/watch?v=uf5KRPaxY1U
5,0380,界,102,https://www.youtube.com/watch?v=Bo7xXK-sZpI
5,0379,應,61,https://www.youtube.com/watch?v=Pq25TFoACTw
5,0378,傍,9,https://www.youtube.com/watch?v=7mC7HOIC_4Y
5,0377,留,102,https://www.youtube.com/watch?v=slYMs3bBz50
5,0376,錢,167,https://www.youtube.com/watch?v=My4spkYp8xI
5,0375,買,154,https://www.youtube.com/watch?v=7eGbFAfkZKA
5,0373,祟,113,https://www.youtube.com/watch?v=8vEIw2I4EOk
5,0372,旋,70,https://www.youtube.com/watch?v=NIW818yQU5w
5,0371,參,28,https://www.youtube.com/watch?v=tbKdogK_lB0
4,0370,策,118,https://www.youtube.com/watch?v=UUsNxTQMVP0
4,0369,就,43,https://www.youtube.com/watch?v=0E0A4ppPQ0A
4,0368,僕,9,https://www.youtube.com/watch?v=CdbozR9pHYA
4,0367,耿,128,https://www.youtube.com/watch?v=Ube-YHr-Urw
4,0366,緜,120,https://www.youtube.com/watch?v=6ngYnF68i_Y
4,0365,冀,12,https://www.youtube.com/watch?v=MWAAWISKyOY
4,0364,想,61,https://www.youtube.com/watch?v=19cKh40bgxM
4,0363,留,102,https://www.youtube.com/watch?v=MYi5bTWGVQM
4,0362,往,60,https://www.youtube.com/watch?v=mDHmhQH--VE
4,0361,鄉,163,https://www.youtube.com/watch?v=LcowLVHUZAo
4,0360,淚,85,https://www.youtube.com/watch?v=KFOylhcNwEY
4,0359,掩,64,https://www.youtube.com/watch?v=4D6pnUZc1SQ
4,0358,抗,64,https://www.youtube.com/watch?v=fAYFQ6d2eEg
4,0357,綱,120,https://www.youtube.com/watch?v=3SK0Pg1pGOY
4,0356,素,120,https://www.youtube.com/watch?v=aaS2PiUtE7s
4,0355,衛,144,https://www.youtube.com/watch?v=m51tXhTpyl8
4,0354,禽,114,https://www.youtube.com/watch?v=GJIIfkj7vgc
4,0353,鯢,195,https://www.youtube.com/watch?v=mzQatPEsE1A
4,0352,儼,9,https://www.youtube.com/watch?v=lSMYZVpYtWw
4,0351,偕,9,https://www.youtube.com/watch?v=xq8Fauh_UOM
4,0350,鸞,196,https://www.youtube.com/watch?v=hS3H42INZVQ
4,0349,警,149,https://www.youtube.com/watch?v=Q1bAln7bfDU
4,0348,媧,38,https://www.youtube.com/watch?v=5Fv7JYm0TTE
4,0347,屏,44,https://www.youtube.com/watch?v=YcfCr_hu4w4
4,0346,餐,184,https://www.youtube.com/watch?v=JJy8_w7CYh4
4,0345,忘,61,https://www.youtube.com/watch?v=qwCLl8aFmk0
4,0344,氣,84,https://www.youtube.com/watch?v=kbBObWbDWDQ
5,0374,粮,119,https://www.youtube.com/watch?v=wdFuvVEC6nU
4,0343,潤,85,https://www.youtube.com/watch?v=_0X2oHx7_do
4,0342,襪,145,https://www.youtube.com/watch?v=jRiHeF7h7KE
4,0341,羅,122,https://www.youtube.com/watch?v=Kut33jdrnRY
4,0340,飄,182,https://www.youtube.com/watch?v=SrlryNp6w7Q
4,0339,翳,124,https://www.youtube.com/watch?v=AuIk8_Zt8Vc
4,0338,處,141,https://www.youtube.com/watch?v=Rbb3Sr1XZ7A
4,0337,獨,94,https://www.youtube.com/watch?v=uXbFqFvySR4
4,0336,牛,93,https://www.youtube.com/watch?v=YE2mg6bs35Q
4,0335,牽,93,https://www.youtube.com/watch?v=l5auN3yir1c
4,0334,瓜,97,https://www.youtube.com/watch?v=sUaCFyoLWFk
4,0333,匏,20,https://www.youtube.com/watch?v=BNezfBErkfY
4,0332,歎,76,https://www.youtube.com/watch?v=n-ByCMggP7Y
4,0331,攜,64,https://www.youtube.com/watch?v=70Uqy9xcBhk
4,0330,妃,38,https://www.youtube.com/watch?v=Cg0vf2wGocE
4,0329,羽,124,https://www.youtube.com/watch?v=CAmw2QP_4G8
4,0328,翠,124,https://www.youtube.com/watch?v=a89V1ZaaYYE
4,0327,或,62,https://www.youtube.com/watch?v=2QvzQv-LPYA
4,0326,渚,85,https://www.youtube.com/watch?v=Dr4YWqbdA-A
4,0325,儔,9,https://www.youtube.com/watch?v=aVl88SZ_-fI
4,0324,命,30,https://www.youtube.com/watch?v=pv1s2qD4Vo8
4,0323,遝,162,https://www.youtube.com/watch?v=GIBfZYW9VMU
4,0322,雜,172,https://www.youtube.com/watch?v=bX6RTQYzElo
4,0321,靈,173,https://www.youtube.com/watch?v=wtB-sCftEAw
4,0320,彌,57,https://www.youtube.com/watch?v=czQQosKcQ2E
4,0319,厲,27,https://www.youtube.com/watch?v=W47LcONYLvk
4,0318,哀,30,https://www.youtube.com/watch?v=EZaEhiT_Dus
4,0317,椒,75,https://www.youtube.com/watch?v=FdGsEx9Nxfg
4,0316,踐,157,https://www.youtube.com/watch?v=RZ9smu1a8IY
4,0315,翔,124,https://www.youtube.com/watch?v=FodIWTJSDl4
4,0314,光,10,https://www.youtube.com/watch?v=vX1UZhfoFG4
4,0313,徙,60,https://www.youtube.com/watch?v=Udlnw-FWg6A
4,0312,顏,181,https://www.youtube.com/watch?v=pmHGU8sjqR4
4,0311,狐,94,https://www.youtube.com/watch?v=2hxbI2muje0
4,0310,棄,75,https://www.youtube.com/watch?v=7qt7HFsvFqY
4,0309,嗟,30,https://www.youtube.com/watch?v=dUzjvr1svx0
4,0308,要,146,https://www.youtube.com/watch?v=x9DkcXbb4Qg
4,0307,誠,149,https://www.youtube.com/watch?v=ec0cGzqNQGo
4,0306,願,181,https://www.youtube.com/watch?v=Z4hapVskyGU
4,0305,辭,160,https://www.youtube.com/watch?v=9vETpAwxTiU
4,0304,通,162,https://www.youtube.com/watch?v=purACcs68MQ
4,0303,瀨,85,https://www.youtube.com/watch?v=3LywXOHEIXk
4,0302,美,123,https://www.youtube.com/watch?v=uB9yil90T3Y
4,0301,淑,85,https://www.youtube.com/watch?v=S023c6fKJfI
4,0300,悅,61,https://www.youtube.com/watch?v=s5UD9czBgSY
4,0299,滸,85,https://www.youtube.com/watch?v=mMz8liUe9L0
4,0298,旄,70,https://www.youtube.com/watch?v=489JELZESzM
4,0297,體,188,https://www.youtube.com/watch?v=Yeco26O1jZ0
4,0296,縱,120,https://www.youtube.com/watch?v=2XIWpRCBI-s
4,0295,焉,86,https://www.youtube.com/watch?v=GuLhbx75R_k
4,0294,是,72,https://www.youtube.com/watch?v=7Eym-d8CAGk
4,0293,隅,170,https://www.youtube.com/watch?v=mTOEzUec-rw
4,0292,躕,157,https://www.youtube.com/watch?v=o1H2I2Pbo64
4,0291,踟,157,https://www.youtube.com/watch?v=Whoepma85Uo
4,0290,蘭,140,https://www.youtube.com/watch?v=eqbvRa_QXcs
4,0289,幽,52,https://www.youtube.com/watch?v=L2iFdEnkrnA
4,0288,微,60,https://www.youtube.com/watch?v=ybp0mg3n4MU
4,0287,軀,158,https://www.youtube.com/watch?v=puBpTnirWJE
4,0286,耀,124,https://www.youtube.com/watch?v=N4cVSDIHIBQ
4,0285,綴,120,https://www.youtube.com/watch?v=LWJQ4Qtt77k
4,0284,飾,184,https://www.youtube.com/watch?v=rnHv_a-mAV4
4,0283,珥,96,https://www.youtube.com/watch?v=3n2igufruhA
4,0282,柔,75,https://www.youtube.com/watch?v=AQFljSNFwGw
4,0280,逸,162,https://www.youtube.com/watch?v=vIq7J7w0_rY
4,0281,儀,9,https://www.youtube.com/watch?v=6gbUgw1j3OA
4,0279,權,75,https://www.youtube.com/watch?v=VZZVM8kKFbc
4,0278,鮮,195,https://www.youtube.com/watch?v=QCtVhmy7VYQ
4,0277,齒,211,https://www.youtube.com/watch?v=k7QlI31kp0Y
4,0276,娟,38,https://www.youtube.com/watch?v=fPfCmtNLEiw
4,0275,聯,128,https://www.youtube.com/watch?v=82VR51LEe_A
4,0274,眉,109,https://www.youtube.com/watch?v=yK8rA-rFfGk
4,0273,脩,130,https://www.youtube.com/watch?v=uOFKUOW93Bg
4,0272,峨,46,https://www.youtube.com/watch?v=LCw_1hCFZrc
4,0271,髻,190,https://www.youtube.com/watch?v=_3Ka9WulxsA
4,0270,御,60,https://www.youtube.com/watch?v=FZ7mCQsW5lo
4,0269,弗,57,https://www.youtube.com/watch?v=zsBUTl0NCg4
4,0268,澤,85,https://www.youtube.com/watch?v=z56-gOZkLGE
4,0267,頸,181,https://www.youtube.com/watch?v=_6Lmg3kUgoo
4,0266,延,54,https://www.youtube.com/watch?v=yTRarha5Nuk
4,0265,腰,130,https://www.youtube.com/watch?v=n0a90_zA7wA
4,0264,霞,173,https://www.youtube.com/watch?v=gUvzfcs1HD8
4,0263,望,74,https://www.youtube.com/watch?v=N3WSAz-NloU
4,0262,髴,190,https://www.youtube.com/watch?v=XUdha0Ug0Eo
4,0261,髣,190,https://www.youtube.com/watch?v=ayyDGTQqnVg
4,0260,驚,187,https://www.youtube.com/watch?v=DrY_fZ9vce4
4,0259,翩,124,https://www.youtube.com/watch?v=5voN_S0FhVg
4,0258,聞,128,https://www.youtube.com/watch?v=M11pU8QNf-c
4,0257,願,181,https://www.youtube.com/watch?v=Vnr0RVLGa9g
4,0256,狀,94,https://www.youtube.com/watch?v=SVUQ7ZrHExY
4,0255,艷,139,https://www.youtube.com/watch?v=p-aViJoch3I
4,0254,觌,147',https://www.youtube.com/watch?v=k1OmFaU5TJA
4,0253,殆,78,https://www.youtube.com/watch?v=EMr5WEWIAAY
4,0252,既,71,https://www.youtube.com/watch?v=Dqm87KHb4no
4,0251,經,120,https://www.youtube.com/watch?v=VGYnSS7brdU
4,0250,轅,159,https://www.youtube.com/watch?v=J_7fanmCD7s
4,0249,環,96,https://www.youtube.com/watch?v=hTQQtf_LvRI
4,0248,闕,169,https://www.youtube.com/watch?v=oQku-75ceBc
4,0247,藩,140,https://www.youtube.com/watch?v=HVLmoaElbXo
4,0246,歸,77,https://www.youtube.com/watch?v=8jAKiMMJPQE
4,0245,京,8,https://www.youtube.com/watch?v=HcqjhND-MEI
4,0244,從,60,https://www.youtube.com/watch?v=zKNRUaCGONI
4,0243,宓,40,https://www.youtube.com/watch?v=0joDR_BRW3s
4,0242,濟,85,https://www.youtube.com/watch?v=XlbZdOxHC0Q
4,0241,朝,74,https://www.youtube.com/watch?v=9yxBNvJ0ap0
3,0240,示,113,https://www.youtube.com/watch?v=PHbF6Mv4RgI
3,0239,具,12,https://www.youtube.com/watch?v=vF7swUd-YmY
3,0238,故,66,https://www.youtube.com/watch?v=Vx4nE6pWRjU
3,0237,委,38,https://www.youtube.com/watch?v=xXj1pm-MNjk
3,0236,情,61,https://www.youtube.com/watch?v=0A4YRh60UNk
3,0235,下,1,https://www.youtube.com/watch?v=fHYXO4_BtSw
3,0234,足,157,https://www.youtube.com/watch?v=e5oUhMKpZYs
3,0233,各,30,https://www.youtube.com/watch?v=q2klT_DsA3c
3,0232,孫,39,https://www.youtube.com/watch?v=-Wt2LLPs6KM
3,0231,內,11,https://www.youtube.com/watch?v=ZhlF1DJRSOA
3,0230,今,9,https://www.youtube.com/watch?v=6RCLbD2ycFE
3,0229,彼,60,https://www.youtube.com/watch?v=fknHlrBFk94
3,0228,至,133,https://www.youtube.com/watch?v=HRDuSw8Dmfc
3,0227,得,60,https://www.youtube.com/watch?v=aSUIIXtVB7k
3,0226,便,9,https://www.youtube.com/watch?v=Q2xcHIn4-yk
3,0225,過,162,https://www.youtube.com/watch?v=AZQSWdPxLLE
3,0224,耳,128,https://www.youtube.com/watch?v=1PoZldRFK8Y
3,0223,尚,42,https://www.youtube.com/watch?v=tnS3Dh4LYeg
3,0222,者,125,https://www.youtube.com/watch?v=3DHFLKI_aMk
3,0221,唯,30,https://www.youtube.com/watch?v=JV018HFaSh8
3,0220,畢,102,https://www.youtube.com/watch?v=pFtdH-qbYiY
3,0219,娶,38,https://www.youtube.com/watch?v=CcI7cGsbdPE
3,0218,婚,38,https://www.youtube.com/watch?v=xPQ1T6-sqLQ
3,0217,皆,106,https://www.youtube.com/watch?v=sZCvtZG9oHo
3,0216,兒,10,https://www.youtube.com/watch?v=xS1SPrDuZHw
3,0215,吾,30,https://www.youtube.com/watch?v=dwLDIgLdUbM
2,0214,資,154,https://www.youtube.com/watch?v=h7K2c5YLwF4
2,0213,笑,118,https://www.youtube.com/watch?v=BAxXKDKi7DU
2,0212,為,86,https://www.youtube.com/watch?v=ornqYK8WX1o
2,0211,戲,62,https://www.youtube.com/watch?v=i2eavIrsDBI
2,0210,醉,164,https://www.youtube.com/watch?v=8g4fN54pZxA
2,0209,覺,147,https://www.youtube.com/watch?v=VcQ8cgjScQ8
2,0208,杯,75,https://www.youtube.com/watch?v=WBBTGbmxcPI
2,0207,酒,164,https://www.youtube.com/watch?v=_l_xXbpJJ5c
2,0206,飲,184,https://www.youtube.com/watch?v=zc51nxnZ668
2,0205,郎,163,https://www.youtube.com/watch?v=Htf4IPmXZ_0
2,0204,外,36,https://www.youtube.com/watch?v=uoBIiTaGKSo
2,0203,益,108,https://www.youtube.com/watch?v=7oHNFrAZgII
2,0202,步,77,https://www.youtube.com/watch?v=qdZYN79X7qY
2,0201,苦,140,https://www.youtube.com/watch?v=z-ZhZ9FfKzg
2,0200,須,181,https://www.youtube.com/watch?v=QEzAa-9Avgc
2,0199,乘,4,https://www.youtube.com/watch?v=-9So01YcM1o
2,0198,寫,40,https://www.youtube.com/watch?v=aGz99ynEB2A
2,0197,窗,116,https://www.youtube.com/watch?v=S9L0u-sC1Pc
2,0196,路,157,https://www.youtube.com/watch?v=tqgYwQVT6pE
2,0195,怨,61,https://www.youtube.com/watch?v=NkgMcgUXJQk
2,0194,長,168,https://www.youtube.com/watch?v=SEJvPYSYYc4
2,0193,勞,19,https://www.youtube.com/watch?v=bCPfKcaDxl4
2,0192,空,116,https://www.youtube.com/watch?v=t9nXhTbN7Yg
2,0191,箠,118,https://www.youtube.com/watch?v=9U_RIn6gZ8U
2,0190,鞭,177,https://www.youtube.com/watch?v=2msC1DBPRz4
2,0189,泥,85,https://www.youtube.com/watch?v=NCXmCEOZJ2E
2,0188,障,170,https://www.youtube.com/watch?v=RxM-t-nTL0w
2,0187,錦,167,https://www.youtube.com/watch?v=a7GdcjruoiE
2,0186,絲,120,https://www.youtube.com/watch?v=X6q912p0LXs
2,0185,紛,120,https://www.youtube.com/watch?v=yzQYiAXhbYY
2,0184,蹇,157,https://www.youtube.com/watch?v=fSuvdEijiow
2,0183,御,60,https://www.youtube.com/watch?v=fDO0fn_VxQY
2,0182,能,130,https://www.youtube.com/watch?v=1Nb3QLtZldU
2,0181,圖,31,https://www.youtube.com/watch?v=rMY7L5dNq4w
2,0180,莽,140,https://www.youtube.com/watch?v=uOmKrhKbPn4
2,0179,林,75,https://www.youtube.com/watch?v=BNl2IWUVWSc
2,0178,聲,128,https://www.youtube.com/watch?v=bYtSjT2U29A
2,0177,商,30,https://www.youtube.com/watch?v=K5uCV_4YO8w
2,0176,謠,149,https://www.youtube.com/watch?v=bHT7K_TCYVY
2,0175,發,105,https://www.youtube.com/watch?v=LURYWTZjskc
2,0174,孰,39,https://www.youtube.com/watch?v=o3RsZzz_Ck4
2,0173,誰,149,https://www.youtube.com/watch?v=1og7EJXKAww
2,0172,雁,172,https://www.youtube.com/watch?v=f2UHBu14x8w
2,0171,鳧,196,https://www.youtube.com/watch?v=CAjRTHku8E0
2,0170,居,44,https://www.youtube.com/watch?v=p9rIGBpsAaM
2,0169,猿,94,https://www.youtube.com/watch?v=BC2HU3MRJ_Q
2,0168,洲,85,https://www.youtube.com/watch?v=xmY5gL2jep0
2,0167,溪,85,https://www.youtube.com/watch?v=4thi0vRcCJE
2,0166,窕,116,https://www.youtube.com/watch?v=nk-2I3ftE5s
2,0165,窈,116,https://www.youtube.com/watch?v=NdZWp8ldcl4
2,0164,晦,72,https://www.youtube.com/watch?v=qsvhVIlFnag
2,0163,陰,170,https://www.youtube.com/watch?v=Ky2AiIc9vkQ
2,0162,風,182,https://www.youtube.com/watch?v=OlWnjX2NuDo
2,0161,同,30,https://www.youtube.com/watch?v=r8ulUk2gObA
2,0160,與,134,https://www.youtube.com/watch?v=0IhTJODAOt4
2,0159,其,12,https://www.youtube.com/watch?v=QMHaZnia3ic
2,0158,歌,76,https://www.youtube.com/watch?v=g3Xy30l2XOE
2,0157,嘯,30,https://www.youtube.com/watch?v=uhaaao-TERs
2,0156,環,96,https://www.youtube.com/watch?v=UcfXRN_gcIo
2,0155,膠,130,https://www.youtube.com/watch?v=LjIchUEPG0U
2,0154,似,9,https://www.youtube.com/watch?v=EBdZ3Af5OyU
2,0153,交,8,https://www.youtube.com/watch?v=TTiQlxeGghM
2,0152,世,1,https://www.youtube.com/watch?v=JgGaG1ab0rw
2,0151,物,93,https://www.youtube.com/watch?v=7GgOvVwxK_I
2,0150,萬,114,https://www.youtube.com/watch?v=ZLF4AlSsCV4
2,0149,雨,173,https://www.youtube.com/watch?v=zw3gN9_f2mU
2,0148,興,134,https://www.youtube.com/watch?v=SrBcmccZ5hM
2,0147,贊,154,https://www.youtube.com/watch?v=bqw5WhrB6c0
1,0146,餘,184,https://www.youtube.com/watch?v=6sEfCq0GV00
1,0145,此,77,https://www.youtube.com/watch?v=GbKF9uh4XvY
1,0144,敬,66,https://www.youtube.com/watch?v=TdYEnlZCg9A
1,0143,言,149,https://www.youtube.com/watch?v=DKwvSgMX1TA
1,0142,索,120,https://www.youtube.com/watch?v=c9DKm9_T5Mo
1,0141,所,63,https://www.youtube.com/watch?v=_hvNwXdUWXg
1,0140,激,85,https://www.youtube.com/watch?v=N0rQcNl0u1g
1,0139,感,61,https://www.youtube.com/watch?v=jDCdecIg8LQ
1,0138,領,181,https://www.youtube.com/watch?v=VaEf6bkPkwg
1,0137,意,61,https://www.youtube.com/watch?v=m1BN3zBH2Eg
1,0136,厚,27,https://www.youtube.com/watch?v=5uzXdEaYOEE
1,0135,餉,184,https://www.youtube.com/watch?v=VCwn6mVMH4I
1,0134,笋,118,https://www.youtube.com/watch?v=QkOclgc331g
1,0133,涼,85,https://www.youtube.com/watch?v=saIDqeiUi38
1,0132,深,85,https://www.youtube.com/watch?v=um-zDGIzyXU
1,0131,書,73,https://www.youtube.com/watch?v=pe7RSNBSYpc
1,0130,惠,61,https://www.youtube.com/watch?v=MOw_zLiYXrs
1,0122,拜,64,https://www.youtube.com/watch?v=HVPPdh9KEIY
1,0129,忽,61,https://www.youtube.com/watch?v=JZI61U6Nmi8
1,0128,政,66,https://www.youtube.com/watch?v=6VW1i1tAFJ4
1,0127,道,162,https://www.youtube.com/watch?v=U3nOou0uYJE
1,0126,師,50,https://www.youtube.com/watch?v=x7N0SfkpZIE
1,0125,禪,113,https://www.youtube.com/watch?v=StGWfOgXJTo
1,0124,覆,146,https://www.youtube.com/watch?v=aqDlK9-P9Ns
1,0123,封,41,https://www.youtube.com/watch?v=JBzzJAm1ivw
1,0121,記,149,https://www.youtube.com/watch?v=VtlfIVInnos
1,0120,鈔,167,https://www.youtube.com/watch?v=xm96brostv0
1,0119,老,125,https://www.youtube.com/watch?v=fVo31fjXN6o
1,0118,觀,147,https://www.youtube.com/watch?v=seldLpembhg
1,0117,達,162,https://www.youtube.com/watch?v=inUTYSXRTvU
0,0116,幾,52,https://www.youtube.com/watch?v=gFsftAYVGR0
0,0115,耶,128,https://www.youtube.com/watch?v=xRlGj8wAxCI
0,0114,緣,120,https://www.youtube.com/watch?v=8aTZW01NC_A
0,0113,有,74,https://www.youtube.com/watch?v=19I8d54S1nM
0,0112,世,1,https://www.youtube.com/watch?v=1Wt3KtpsKco
0,0111,前,18,https://www.youtube.com/watch?v=a63GDQUxt6k
0,0110,愛,61,https://www.youtube.com/watch?v=Q4bJ9EJQamQ
0,0109,辱,161,https://www.youtube.com/watch?v=B46nzP_IOqw
0,0108,顧,181,https://www.youtube.com/watch?v=PyxfONNEz0A
0,0107,問,30,https://www.youtube.com/watch?v=RTlXAXOg5qU
0,0106,時,72,https://www.youtube.com/watch?v=O8IAGjUz-Gc
0,0105,塵,32,https://www.youtube.com/watch?v=7dHjLBwcObk
0,0104,中,2,https://www.youtube.com/watch?v=EVhGgC4ADwc
0,0103,賜,154,https://www.youtube.com/watch?v=B2zqxp5Ba5o
0,0102,慰,61,https://www.youtube.com/watch?v=tnxSSWIKNFg
0,0101,當,102,https://www.youtube.com/watch?v=Co72NO4NYmQ
0,0100,間,169,https://www.youtube.com/watch?v=N4DZ6MNVaTY
0,0099,疑,103,https://www.youtube.com/watch?v=0cnrcjORhPQ
0,0098,離,172,https://www.youtube.com/watch?v=DLZ_6rIL4f4
0,0097,肯,130,https://www.youtube.com/watch?v=gOHnU5ZUovY
0,0096,弊,55,https://www.youtube.com/watch?v=TrCknewPT94
0,0095,戚,62,https://www.youtube.com/watch?v=e_MZW9p1r7M
0,0094,議,149,https://www.youtube.com/watch?v=0y6j8OG80XY
0,0093,德,60,https://www.youtube.com/watch?v=2TfOymCxbPM
0,0092,珍,96,https://www.youtube.com/watch?v=1EbPmS5Z914
0,0091,稀,115,https://www.youtube.com/watch?v=6CPIIPFR36M
0,0090,潛,85,https://www.youtube.com/watch?v=7hENC8rvzPE
0,0089,縷,120,https://www.youtube.com/watch?v=QQDMJCpAw1Q
0,0088,絕,120,https://www.youtube.com/watch?v=sZ7LfjumMNg
0,0087,止,77,https://www.youtube.com/watch?v=kn8eqWSXZVE
0,0086,風,182,https://www.youtube.com/watch?v=Hnnu8DXijBQ
0,0085,屬,44,https://www.youtube.com/watch?v=kCCPvhr0DkM
0,0084,舉,134,https://www.youtube.com/watch?v=o1dJev9rmRs
0,0083,也,5,https://www.youtube.com/watch?v=TLdsBZaEIFQ
0,0082,色,139,https://www.youtube.com/watch?v=kwmpEkGIXhM
0,0081,遊,162,https://www.youtube.com/watch?v=KNTHMxZTs_k
0,0080,笑,118,https://www.youtube.com/watch?v=YyJJNlNcSlU
0,0079,變,149,https://www.youtube.com/watch?v=vsAfpGEenWU
0,0078,安,40,https://www.youtube.com/watch?v=vr0mBODciv0
0,0077,子,39,https://www.youtube.com/watch?v=FadVQ7B4-tc
0,0076,響,180,https://www.youtube.com/watch?v=DNczCUB5DPs
0,0075,為,86,https://www.youtube.com/watch?v=X3hxYBYJTQI
0,0074,過,162,https://www.youtube.com/watch?v=ovaLjvkO7sg
0,0073,獨,94,https://www.youtube.com/watch?v=56ewp1bkIds
0,0072,如,38,https://www.youtube.com/watch?v=2NR-OG-pzbg
0,0071,而,126,https://www.youtube.com/watch?v=re-74ci2tW4
0,0070,與,134,https://www.youtube.com/watch?v=Axff48HlxUU
0,0069,月,74,https://www.youtube.com/watch?v=WGSEYZWL7KM
0,0068,樵,75,https://www.youtube.com/watch?v=ciNV3q7Jpfw
0,0067,無,86,https://www.youtube.com/watch?v=DVN51Oe6_ck
0,0066,無,86,https://www.youtube.com/watch?v=paeeE82MMrU
0,0065,焉,86,https://www.youtube.com/watch?v=EBs9h1YrsWw
0,0064,焉,86,https://www.youtube.com/watch?v=1nUcGyCvuh8
0,0063,馮,187,https://www.youtube.com/watch?v=I6LR_lMlC84
0,0062,然,86,https://www.youtube.com/watch?v=Xpy90Kme0SE
0,0061,然,86,https://www.youtube.com/watch?v=07JgsHwiltY
0,0060,亦,8,https://www.youtube.com/watch?v=bms9HjbG4SE
0,0059,亦,8,https://www.youtube.com/watch?v=mQgXgdy2GW8
0,0058,念,61,https://www.youtube.com/watch?v=VDvNUgyA0G4
0,0057,忘,61,https://www.youtube.com/watch?v=HjyOZm3VYzs
0,0056,想,61,https://www.youtube.com/watch?v=XV82QhZ5JaY
0,0055,恐,61,https://www.youtube.com/watch?v=v3TVd8Z0220
0,0054,恐,61,https://www.youtube.com/watch?v=9ptrNF7q_So
0,0053,寥,40,https://www.youtube.com/watch?v=11SJw5d4kzE
0,0052,寂,40,https://www.youtube.com/watch?v=4sCjFjP1ym4
0,0051,客,40,https://www.youtube.com/watch?v=pNYXn76NPyI
0,0050,安,40,https://www.youtube.com/watch?v=rQ1dufJJZJg
0,0049,寤,40,https://www.youtube.com/watch?v=HDEqB0v_3MY
0,0048,露,173,https://www.youtube.com/watch?v=IyKglhA_zDw
0,0047,霜,173,https://www.youtube.com/watch?v=MG8OLtR3IQk
0,0046,寄,40,https://www.youtube.com/watch?v=G2XZqncGsqI
0,0045,宮,40,https://www.youtube.com/watch?v=Bj98dzNgmsQ
0,0044,空,116,https://www.youtube.com/watch?v=f551jrd7DyI
0,0043,適,162,https://www.youtube.com/watch?v=k-NqnAT6RJ8
0,0042,遊,162,https://www.youtube.com/watch?v=OZNqdQfdaJg
0,0041,遊,162,https://www.youtube.com/watch?v=7p3Zi2-sBkY
0,0040,過,162,https://www.youtube.com/watch?v=9LAiTePFXXM
0,0039,遺,162,https://www.youtube.com/watch?v=ZR-bad64g8U
0,0038,豹,153,https://www.youtube.com/watch?v=Dec7aftbC5k
0,0037,酌,164,https://www.youtube.com/watch?v=QdmQtzOX_TA
0,0036,取,29,https://www.youtube.com/watch?v=7rtbNMtPHgg
0,0035,歌,76,https://www.youtube.com/watch?v=RA9ybXjLu3Y
0,0034,斯,69,https://www.youtube.com/watch?v=27si2nsIYaQ
0,0033,則,18,https://www.youtube.com/watch?v=1P4vbsudJxg
0,0032,相,109,https://www.youtube.com/watch?v=gLn4pQpofsE
0,0031,舳,137,https://www.youtube.com/watch?v=YgSAy0BUnds
0,0030,栖,75,https://www.youtube.com/watch?v=NlrxcVYNWEs
0,0029,江,85,https://www.youtube.com/watch?v=B4kpiZTjq4U
0,0028,扣,64,https://www.youtube.com/watch?v=qI81M8d8DMM
0,0027,知,111,https://www.youtube.com/watch?v=8ohD1SxrSQM
0,0026,如,38,https://www.youtube.com/watch?v=0uQFlTQVUxY
0,0025,視,113,https://www.youtube.com/watch?v=EOilZA_cHhw
0,0024,披,64,https://www.youtube.com/watch?v=OqjYqOgeUYw
0,0023,松,75,https://www.youtube.com/watch?v=I0KTnRpWd1s
0,0022,悄,61,https://www.youtube.com/watch?v=npD7ODbisW4
0,0021,德,60,https://www.youtube.com/watch?v=9neJwPpagNA
0,0020,像,9,https://www.youtube.com/watch?v=C2MEtTueSBs
0,0019,作,9,https://www.youtube.com/watch?v=24ZgNBMGp48
0,0018,併,9,https://www.youtube.com/watch?v=-FuIOf3heC8
0,0017,嘯,30,https://www.youtube.com/watch?v=sAlqPCzcnQM
0,0016,笑,118,https://www.youtube.com/watch?v=znxj6UUFSCM
0,0015,鳴,196,https://www.youtube.com/watch?v=NE54iPrZHHI
0,0014,涌,85,https://www.youtube.com/watch?v=KVkuAeKmrR0
0,0013,流,85,https://www.youtube.com/watch?v=nGsJk87h5Vc
0,0012,江,85,https://www.youtube.com/watch?v=jKyem93iBg0
0,0011,望,74,https://www.youtube.com/watch?v=dmyrep7wwFg
0,0010,既,71,https://www.youtube.com/watch?v=6gdymx-bsUM
0,0009,月,74,https://www.youtube.com/watch?v=v4Wbrmzy_hY
0,0008,明,72,https://www.youtube.com/watch?v=yww8gThEnpY
0,0007,壁,32,https://www.youtube.com/watch?v=IoZYh7E8R88
0,0006,赤,155,https://www.youtube.com/watch?v=pETcDEBtQF4
0,0005,之,4,https://www.youtube.com/watch?v=wUnoG87XpwQ
0,0004,之,4,https://www.youtube.com/watch?v=zcNEBkd_IMc
0,0002,二,7,https://www.youtube.com/watch?v=A9Eqxd5mW4Q
0,0001,一,1,https://www.youtube.com/watch?v=2heoWdMkfA4
